,City,Country,Date,Temperature,Humidity,Wind Speed
0,Tirana,Albania,2023-02-22 18:00:00,11.12,74,0.89
1,Tirana,Albania,2023-02-22 21:00:00,10.3,78,0.74
2,Tirana,Albania,2023-02-23 00:00:00,9.11,83,0.57
3,Tirana,Albania,2023-02-23 03:00:00,8.56,85,0.9
4,Tirana,Albania,2023-02-23 06:00:00,8.99,82,1.07
5,Tirana,Albania,2023-02-23 09:00:00,13.06,66,0.97
6,Tirana,Albania,2023-02-23 12:00:00,14.99,59,2.03
7,Tirana,Albania,2023-02-23 15:00:00,14.13,68,1.78
8,Tirana,Albania,2023-02-23 18:00:00,10.65,87,0.56
9,Tirana,Albania,2023-02-23 21:00:00,9.82,88,1.08
10,Tirana,Albania,2023-02-24 00:00:00,9.14,88,0.72
11,Tirana,Albania,2023-02-24 03:00:00,8.75,88,1.51
12,Tirana,Albania,2023-02-24 06:00:00,8.91,84,1.59
13,Tirana,Albania,2023-02-24 09:00:00,13.97,64,1.44
14,Tirana,Albania,2023-02-24 12:00:00,15.9,58,2.63
15,Tirana,Albania,2023-02-24 15:00:00,14.45,69,2.5
16,Tirana,Albania,2023-02-24 18:00:00,11.06,90,1.09
17,Tirana,Albania,2023-02-24 21:00:00,10.4,91,0.95
18,Tirana,Albania,2023-02-25 00:00:00,10.02,86,1.73
19,Tirana,Albania,2023-02-25 03:00:00,10.28,82,1.91
20,Tirana,Albania,2023-02-25 06:00:00,10.58,74,2.24
21,Tirana,Albania,2023-02-25 09:00:00,16.28,47,3.51
22,Tirana,Albania,2023-02-25 12:00:00,17.97,44,5.26
23,Tirana,Albania,2023-02-25 15:00:00,16.78,53,3.86
24,Tirana,Albania,2023-02-25 18:00:00,13.74,59,2.72
25,Tirana,Albania,2023-02-25 21:00:00,13.03,55,3.9
26,Tirana,Albania,2023-02-26 00:00:00,12.89,60,2.91
27,Tirana,Albania,2023-02-26 03:00:00,12.77,61,2.41
28,Tirana,Albania,2023-02-26 06:00:00,12.08,66,2.25
29,Tirana,Albania,2023-02-26 09:00:00,15.98,54,5.19
30,Tirana,Albania,2023-02-26 12:00:00,12.97,79,3.41
31,Tirana,Albania,2023-02-26 15:00:00,14.22,80,4.48
32,Tirana,Albania,2023-02-26 18:00:00,11.99,88,3.28
33,Tirana,Albania,2023-02-26 21:00:00,10.67,92,2.59
34,Tirana,Albania,2023-02-27 00:00:00,11.04,86,2.12
35,Tirana,Albania,2023-02-27 03:00:00,9.85,81,1.98
36,Tirana,Albania,2023-02-27 06:00:00,10.09,78,1.67
37,Tirana,Albania,2023-02-27 09:00:00,14.96,59,1.15
38,Tirana,Albania,2023-02-27 12:00:00,17.32,44,1.51
39,Tirana,Albania,2023-02-27 15:00:00,16.29,58,2.48
40,Andorra la Vella,Andorra,2023-02-22 18:00:00,8.98,85,0.47
41,Andorra la Vella,Andorra,2023-02-22 21:00:00,7.15,92,0.81
42,Andorra la Vella,Andorra,2023-02-23 00:00:00,5.55,98,1.66
43,Andorra la Vella,Andorra,2023-02-23 03:00:00,5.69,97,2.2
44,Andorra la Vella,Andorra,2023-02-23 06:00:00,4.68,97,1.93
45,Andorra la Vella,Andorra,2023-02-23 09:00:00,6.11,95,2.55
46,Andorra la Vella,Andorra,2023-02-23 12:00:00,8.3,80,3.89
47,Andorra la Vella,Andorra,2023-02-23 15:00:00,7.26,87,2.68
48,Andorra la Vella,Andorra,2023-02-23 18:00:00,5.74,99,2.46
49,Andorra la Vella,Andorra,2023-02-23 21:00:00,5.64,99,2.65
50,Andorra la Vella,Andorra,2023-02-24 00:00:00,4.48,97,2.85
51,Andorra la Vella,Andorra,2023-02-24 03:00:00,3.42,100,2.82
52,Andorra la Vella,Andorra,2023-02-24 06:00:00,2.2,98,2.36
53,Andorra la Vella,Andorra,2023-02-24 09:00:00,3.75,84,0.83
54,Andorra la Vella,Andorra,2023-02-24 12:00:00,6.04,74,2.11
55,Andorra la Vella,Andorra,2023-02-24 15:00:00,6.43,76,2.17
56,Andorra la Vella,Andorra,2023-02-24 18:00:00,-0.13,94,1.14
57,Andorra la Vella,Andorra,2023-02-24 21:00:00,-1.13,91,1.94
58,Andorra la Vella,Andorra,2023-02-25 00:00:00,-0.11,86,1.65
59,Andorra la Vella,Andorra,2023-02-25 03:00:00,-0.77,82,2.39
60,Andorra la Vella,Andorra,2023-02-25 06:00:00,-2.02,93,3.29
61,Andorra la Vella,Andorra,2023-02-25 09:00:00,2.91,78,2.44
62,Andorra la Vella,Andorra,2023-02-25 12:00:00,6.11,70,0.2
63,Andorra la Vella,Andorra,2023-02-25 15:00:00,5.67,78,0.99
64,Andorra la Vella,Andorra,2023-02-25 18:00:00,2.4,95,2.54
65,Andorra la Vella,Andorra,2023-02-25 21:00:00,0.94,93,2.38
66,Andorra la Vella,Andorra,2023-02-26 00:00:00,0.91,91,2.08
67,Andorra la Vella,Andorra,2023-02-26 03:00:00,-1.11,88,2.66
68,Andorra la Vella,Andorra,2023-02-26 06:00:00,-0.36,91,2.82
69,Andorra la Vella,Andorra,2023-02-26 09:00:00,2.65,86,2.57
70,Andorra la Vella,Andorra,2023-02-26 12:00:00,4.14,89,1.27
71,Andorra la Vella,Andorra,2023-02-26 15:00:00,4.83,86,1.84
72,Andorra la Vella,Andorra,2023-02-26 18:00:00,-1.51,94,3.17
73,Andorra la Vella,Andorra,2023-02-26 21:00:00,-5.14,92,3.65
74,Andorra la Vella,Andorra,2023-02-27 00:00:00,-5.59,93,3.92
75,Andorra la Vella,Andorra,2023-02-27 03:00:00,-7.04,91,4.19
76,Andorra la Vella,Andorra,2023-02-27 06:00:00,-8.69,90,4.18
77,Andorra la Vella,Andorra,2023-02-27 09:00:00,-3.66,70,3.69
78,Andorra la Vella,Andorra,2023-02-27 12:00:00,0.17,55,2.87
79,Andorra la Vella,Andorra,2023-02-27 15:00:00,-0.7,64,3.5
80,Vienna,Austria,2023-02-22 18:00:00,12.21,64,2.4
81,Vienna,Austria,2023-02-22 21:00:00,11.37,68,2.14
82,Vienna,Austria,2023-02-23 00:00:00,9.96,76,2.6
83,Vienna,Austria,2023-02-23 03:00:00,8.1,86,2.74
84,Vienna,Austria,2023-02-23 06:00:00,7.48,86,2.44
85,Vienna,Austria,2023-02-23 09:00:00,9.52,76,3.64
86,Vienna,Austria,2023-02-23 12:00:00,11.51,66,3.8
87,Vienna,Austria,2023-02-23 15:00:00,10.56,72,4.15
88,Vienna,Austria,2023-02-23 18:00:00,8.95,77,3.04
89,Vienna,Austria,2023-02-23 21:00:00,8.66,81,1.47
90,Vienna,Austria,2023-02-24 00:00:00,9.14,82,2.02
91,Vienna,Austria,2023-02-24 03:00:00,9.12,83,2.68
92,Vienna,Austria,2023-02-24 06:00:00,9.41,75,2.44
93,Vienna,Austria,2023-02-24 09:00:00,11.32,65,1.47
94,Vienna,Austria,2023-02-24 12:00:00,13.85,52,2.66
95,Vienna,Austria,2023-02-24 15:00:00,13.97,51,0.97
96,Vienna,Austria,2023-02-24 18:00:00,11.23,62,1.43
97,Vienna,Austria,2023-02-24 21:00:00,9.62,72,3.22
98,Vienna,Austria,2023-02-25 00:00:00,8.36,81,5.06
99,Vienna,Austria,2023-02-25 03:00:00,5.97,80,6.84
100,Vienna,Austria,2023-02-25 06:00:00,5.02,73,6.03
101,Vienna,Austria,2023-02-25 09:00:00,6.05,55,6.55
102,Vienna,Austria,2023-02-25 12:00:00,7.06,44,7.29
103,Vienna,Austria,2023-02-25 15:00:00,6.37,46,7.15
104,Vienna,Austria,2023-02-25 18:00:00,3.66,64,6.04
105,Vienna,Austria,2023-02-25 21:00:00,2.22,59,5.82
106,Vienna,Austria,2023-02-26 00:00:00,1.02,61,5.51
107,Vienna,Austria,2023-02-26 03:00:00,0.23,65,5.41
108,Vienna,Austria,2023-02-26 06:00:00,0.06,68,5.35
109,Vienna,Austria,2023-02-26 09:00:00,2.51,54,5.43
110,Vienna,Austria,2023-02-26 12:00:00,4.36,39,5.47
111,Vienna,Austria,2023-02-26 15:00:00,4.33,41,5.18
112,Vienna,Austria,2023-02-26 18:00:00,2.42,56,3.63
113,Vienna,Austria,2023-02-26 21:00:00,0.75,64,3.85
114,Vienna,Austria,2023-02-27 00:00:00,-0.2,70,3.67
115,Vienna,Austria,2023-02-27 03:00:00,-0.68,70,3.47
116,Vienna,Austria,2023-02-27 06:00:00,-1.01,71,3.12
117,Vienna,Austria,2023-02-27 09:00:00,1.24,57,3.73
118,Vienna,Austria,2023-02-27 12:00:00,3.66,44,3.26
119,Vienna,Austria,2023-02-27 15:00:00,4.35,41,2.9
120,Minsk,Belarus,2023-02-22 18:00:00,-6.08,85,3.31
121,Minsk,Belarus,2023-02-22 21:00:00,-7.24,85,2.16
122,Minsk,Belarus,2023-02-23 00:00:00,-8.67,86,1.63
123,Minsk,Belarus,2023-02-23 03:00:00,-10.29,87,0.61
124,Minsk,Belarus,2023-02-23 06:00:00,-9.75,85,1.69
125,Minsk,Belarus,2023-02-23 09:00:00,-5.5,64,3.2
126,Minsk,Belarus,2023-02-23 12:00:00,-2.91,53,4.11
127,Minsk,Belarus,2023-02-23 15:00:00,-3.82,56,4.27
128,Minsk,Belarus,2023-02-23 18:00:00,-4.01,59,4.9
129,Minsk,Belarus,2023-02-23 21:00:00,-3.1,64,5.83
130,Minsk,Belarus,2023-02-24 00:00:00,-2.76,72,6.23
131,Minsk,Belarus,2023-02-24 03:00:00,-2.17,78,6.75
132,Minsk,Belarus,2023-02-24 06:00:00,-1.35,84,6.64
133,Minsk,Belarus,2023-02-24 09:00:00,0.16,87,6.14
134,Minsk,Belarus,2023-02-24 12:00:00,0.4,98,5.57
135,Minsk,Belarus,2023-02-24 15:00:00,1.07,98,4.62
136,Minsk,Belarus,2023-02-24 18:00:00,1.02,98,4.16
137,Minsk,Belarus,2023-02-24 21:00:00,-0.06,94,3.31
138,Minsk,Belarus,2023-02-25 00:00:00,-1.55,97,2.78
139,Minsk,Belarus,2023-02-25 03:00:00,0.42,96,3.73
140,Minsk,Belarus,2023-02-25 06:00:00,0.11,100,2.66
141,Minsk,Belarus,2023-02-25 09:00:00,0.76,100,3.52
142,Minsk,Belarus,2023-02-25 12:00:00,1.21,100,2.91
143,Minsk,Belarus,2023-02-25 15:00:00,0.39,98,2.82
144,Minsk,Belarus,2023-02-25 18:00:00,-0.35,98,3.65
145,Minsk,Belarus,2023-02-25 21:00:00,-0.85,96,4.43
146,Minsk,Belarus,2023-02-26 00:00:00,-1.06,97,5.42
147,Minsk,Belarus,2023-02-26 03:00:00,-1.26,95,5.89
148,Minsk,Belarus,2023-02-26 06:00:00,-2.88,92,5.51
149,Minsk,Belarus,2023-02-26 09:00:00,-3.05,90,5.85
150,Minsk,Belarus,2023-02-26 12:00:00,-2.46,88,6.04
151,Minsk,Belarus,2023-02-26 15:00:00,-3.42,90,5.71
152,Minsk,Belarus,2023-02-26 18:00:00,-4.42,90,5.24
153,Minsk,Belarus,2023-02-26 21:00:00,-4.95,91,5.31
154,Minsk,Belarus,2023-02-27 00:00:00,-5.4,91,4.98
155,Minsk,Belarus,2023-02-27 03:00:00,-7.61,93,4.21
156,Minsk,Belarus,2023-02-27 06:00:00,-9.52,95,3.82
157,Minsk,Belarus,2023-02-27 09:00:00,-6.68,87,3.97
158,Minsk,Belarus,2023-02-27 12:00:00,-4.27,83,4.01
159,Minsk,Belarus,2023-02-27 15:00:00,-5.12,90,2.46
160,Brussels,Belgium,2023-02-22 18:00:00,9.09,86,2.17
161,Brussels,Belgium,2023-02-22 21:00:00,9.14,85,1.57
162,Brussels,Belgium,2023-02-23 00:00:00,8.72,86,1.64
163,Brussels,Belgium,2023-02-23 03:00:00,7.94,89,2.02
164,Brussels,Belgium,2023-02-23 06:00:00,7.51,92,2.54
165,Brussels,Belgium,2023-02-23 09:00:00,7.71,87,2.62
166,Brussels,Belgium,2023-02-23 12:00:00,10.19,69,2.29
167,Brussels,Belgium,2023-02-23 15:00:00,10.85,63,3.38
168,Brussels,Belgium,2023-02-23 18:00:00,7.8,78,4.96
169,Brussels,Belgium,2023-02-23 21:00:00,6.39,74,3.99
170,Brussels,Belgium,2023-02-24 00:00:00,4.76,74,3.3
171,Brussels,Belgium,2023-02-24 03:00:00,3.4,78,2.06
172,Brussels,Belgium,2023-02-24 06:00:00,2.79,79,2.44
173,Brussels,Belgium,2023-02-24 09:00:00,4.32,70,3.65
174,Brussels,Belgium,2023-02-24 12:00:00,4.16,87,4.52
175,Brussels,Belgium,2023-02-24 15:00:00,6.03,86,3.72
176,Brussels,Belgium,2023-02-24 18:00:00,4.51,81,4.71
177,Brussels,Belgium,2023-02-24 21:00:00,3.31,76,4.46
178,Brussels,Belgium,2023-02-25 00:00:00,2.5,80,3.53
179,Brussels,Belgium,2023-02-25 03:00:00,3.48,76,4.14
180,Brussels,Belgium,2023-02-25 06:00:00,3.43,82,4.29
181,Brussels,Belgium,2023-02-25 09:00:00,5.09,74,4.14
182,Brussels,Belgium,2023-02-25 12:00:00,7.32,53,5.38
183,Brussels,Belgium,2023-02-25 15:00:00,7.32,51,6.24
184,Brussels,Belgium,2023-02-25 18:00:00,4.17,63,4.82
185,Brussels,Belgium,2023-02-25 21:00:00,2.44,72,3.91
186,Brussels,Belgium,2023-02-26 00:00:00,1.11,69,4.14
187,Brussels,Belgium,2023-02-26 03:00:00,0.05,67,4.4
188,Brussels,Belgium,2023-02-26 06:00:00,-0.59,66,5.05
189,Brussels,Belgium,2023-02-26 09:00:00,1.77,47,6.91
190,Brussels,Belgium,2023-02-26 12:00:00,3.84,36,6.8
191,Brussels,Belgium,2023-02-26 15:00:00,4.35,38,6.8
192,Brussels,Belgium,2023-02-26 18:00:00,1.48,51,4.63
193,Brussels,Belgium,2023-02-26 21:00:00,0.14,60,4.53
194,Brussels,Belgium,2023-02-27 00:00:00,-0.89,67,4.41
195,Brussels,Belgium,2023-02-27 03:00:00,-1.6,69,3.94
196,Brussels,Belgium,2023-02-27 06:00:00,-1.85,64,3.95
197,Brussels,Belgium,2023-02-27 09:00:00,1.12,51,5.63
198,Brussels,Belgium,2023-02-27 12:00:00,4.24,38,6.28
199,Brussels,Belgium,2023-02-27 15:00:00,4.84,36,6.41
200,Sarajevo,Bosnia and Herzegovina,2023-02-22 18:00:00,13.73,47,1.33
201,Sarajevo,Bosnia and Herzegovina,2023-02-22 21:00:00,11.37,61,1.57
202,Sarajevo,Bosnia and Herzegovina,2023-02-23 00:00:00,8.49,77,1.45
203,Sarajevo,Bosnia and Herzegovina,2023-02-23 03:00:00,5.33,93,1.38
204,Sarajevo,Bosnia and Herzegovina,2023-02-23 06:00:00,6.01,92,1.1
205,Sarajevo,Bosnia and Herzegovina,2023-02-23 09:00:00,10.57,76,0.81
206,Sarajevo,Bosnia and Herzegovina,2023-02-23 12:00:00,12.7,66,1.07
207,Sarajevo,Bosnia and Herzegovina,2023-02-23 15:00:00,11.89,76,0.74
208,Sarajevo,Bosnia and Herzegovina,2023-02-23 18:00:00,8.46,88,0.83
209,Sarajevo,Bosnia and Herzegovina,2023-02-23 21:00:00,7.35,91,1.29
210,Sarajevo,Bosnia and Herzegovina,2023-02-24 00:00:00,6.12,94,1.6
211,Sarajevo,Bosnia and Herzegovina,2023-02-24 03:00:00,5.37,95,1.62
212,Sarajevo,Bosnia and Herzegovina,2023-02-24 06:00:00,5.65,95,1.53
213,Sarajevo,Bosnia and Herzegovina,2023-02-24 09:00:00,9.95,80,1.79
214,Sarajevo,Bosnia and Herzegovina,2023-02-24 12:00:00,12.06,68,3.37
215,Sarajevo,Bosnia and Herzegovina,2023-02-24 15:00:00,10.47,76,2.77
216,Sarajevo,Bosnia and Herzegovina,2023-02-24 18:00:00,7.6,92,2.42
217,Sarajevo,Bosnia and Herzegovina,2023-02-24 21:00:00,7.33,93,2.5
218,Sarajevo,Bosnia and Herzegovina,2023-02-25 00:00:00,8.38,89,3.25
219,Sarajevo,Bosnia and Herzegovina,2023-02-25 03:00:00,8.73,84,4.57
220,Sarajevo,Bosnia and Herzegovina,2023-02-25 06:00:00,8.63,83,5.41
221,Sarajevo,Bosnia and Herzegovina,2023-02-25 09:00:00,9.96,85,4.76
222,Sarajevo,Bosnia and Herzegovina,2023-02-25 12:00:00,10.18,87,4.72
223,Sarajevo,Bosnia and Herzegovina,2023-02-25 15:00:00,9.21,90,2.39
224,Sarajevo,Bosnia and Herzegovina,2023-02-25 18:00:00,8.24,93,0.76
225,Sarajevo,Bosnia and Herzegovina,2023-02-25 21:00:00,6.64,90,1.17
226,Sarajevo,Bosnia and Herzegovina,2023-02-26 00:00:00,4.42,96,1.72
227,Sarajevo,Bosnia and Herzegovina,2023-02-26 03:00:00,1.54,97,2.51
228,Sarajevo,Bosnia and Herzegovina,2023-02-26 06:00:00,0.17,98,2.61
229,Sarajevo,Bosnia and Herzegovina,2023-02-26 09:00:00,0.44,96,2.34
230,Sarajevo,Bosnia and Herzegovina,2023-02-26 12:00:00,0.4,96,2.45
231,Sarajevo,Bosnia and Herzegovina,2023-02-26 15:00:00,-0.69,97,2.25
232,Sarajevo,Bosnia and Herzegovina,2023-02-26 18:00:00,-1.71,98,1.55
233,Sarajevo,Bosnia and Herzegovina,2023-02-26 21:00:00,-1.94,98,1.4
234,Sarajevo,Bosnia and Herzegovina,2023-02-27 00:00:00,-2.42,98,1.22
235,Sarajevo,Bosnia and Herzegovina,2023-02-27 03:00:00,-2.02,98,1.06
236,Sarajevo,Bosnia and Herzegovina,2023-02-27 06:00:00,-1.86,98,1.02
237,Sarajevo,Bosnia and Herzegovina,2023-02-27 09:00:00,-0.09,95,1.28
238,Sarajevo,Bosnia and Herzegovina,2023-02-27 12:00:00,1.75,96,1.0
239,Sarajevo,Bosnia and Herzegovina,2023-02-27 15:00:00,2.2,97,1.24
240,Sofia,Bulgaria,2023-02-22 18:00:00,13.47,48,0.69
241,Sofia,Bulgaria,2023-02-22 21:00:00,11.7,58,0.2
242,Sofia,Bulgaria,2023-02-23 00:00:00,9.12,70,0.06
243,Sofia,Bulgaria,2023-02-23 03:00:00,5.94,83,0.75
244,Sofia,Bulgaria,2023-02-23 06:00:00,5.57,84,1.21
245,Sofia,Bulgaria,2023-02-23 09:00:00,10.65,63,1.55
246,Sofia,Bulgaria,2023-02-23 12:00:00,14.02,51,2.34
247,Sofia,Bulgaria,2023-02-23 15:00:00,12.44,60,3.56
248,Sofia,Bulgaria,2023-02-23 18:00:00,9.03,80,3.04
249,Sofia,Bulgaria,2023-02-23 21:00:00,8.13,85,3.2
250,Sofia,Bulgaria,2023-02-24 00:00:00,6.88,91,2.74
251,Sofia,Bulgaria,2023-02-24 03:00:00,6.37,92,2.18
252,Sofia,Bulgaria,2023-02-24 06:00:00,6.38,90,1.94
253,Sofia,Bulgaria,2023-02-24 09:00:00,9.36,75,1.43
254,Sofia,Bulgaria,2023-02-24 12:00:00,12.91,58,0.75
255,Sofia,Bulgaria,2023-02-24 15:00:00,12.59,60,0.61
256,Sofia,Bulgaria,2023-02-24 18:00:00,9.82,72,1.09
257,Sofia,Bulgaria,2023-02-24 21:00:00,7.73,81,0.67
258,Sofia,Bulgaria,2023-02-25 00:00:00,6.59,86,0.69
259,Sofia,Bulgaria,2023-02-25 03:00:00,5.77,89,0.65
260,Sofia,Bulgaria,2023-02-25 06:00:00,5.89,89,0.44
261,Sofia,Bulgaria,2023-02-25 09:00:00,11.94,57,2.28
262,Sofia,Bulgaria,2023-02-25 12:00:00,15.5,43,5.66
263,Sofia,Bulgaria,2023-02-25 15:00:00,14.62,48,6.4
264,Sofia,Bulgaria,2023-02-25 18:00:00,12.46,57,6.79
265,Sofia,Bulgaria,2023-02-25 21:00:00,12.08,56,5.87
266,Sofia,Bulgaria,2023-02-26 00:00:00,11.39,56,5.71
267,Sofia,Bulgaria,2023-02-26 03:00:00,10.31,60,4.42
268,Sofia,Bulgaria,2023-02-26 06:00:00,9.73,63,2.04
269,Sofia,Bulgaria,2023-02-26 09:00:00,14.77,41,3.91
270,Sofia,Bulgaria,2023-02-26 12:00:00,16.09,40,5.34
271,Sofia,Bulgaria,2023-02-26 15:00:00,13.81,53,2.65
272,Sofia,Bulgaria,2023-02-26 18:00:00,10.74,70,1.07
273,Sofia,Bulgaria,2023-02-26 21:00:00,8.48,78,1.2
274,Sofia,Bulgaria,2023-02-27 00:00:00,6.25,84,1.28
275,Sofia,Bulgaria,2023-02-27 03:00:00,5.61,86,2.15
276,Sofia,Bulgaria,2023-02-27 06:00:00,5.26,83,1.84
277,Sofia,Bulgaria,2023-02-27 09:00:00,8.1,72,1.17
278,Sofia,Bulgaria,2023-02-27 12:00:00,11.16,61,2.0
279,Sofia,Bulgaria,2023-02-27 15:00:00,9.18,69,3.75
280,Zagreb ,Croatia,2023-02-22 18:00:00,15.39,48,0.5
281,Zagreb ,Croatia,2023-02-22 21:00:00,13.39,58,0.71
282,Zagreb ,Croatia,2023-02-23 00:00:00,10.46,73,1.28
283,Zagreb ,Croatia,2023-02-23 03:00:00,6.98,88,1.13
284,Zagreb ,Croatia,2023-02-23 06:00:00,6.73,84,1.23
285,Zagreb ,Croatia,2023-02-23 09:00:00,10.06,66,1.11
286,Zagreb ,Croatia,2023-02-23 12:00:00,13.1,54,1.54
287,Zagreb ,Croatia,2023-02-23 15:00:00,13.01,56,1.35
288,Zagreb ,Croatia,2023-02-23 18:00:00,10.67,68,1.16
289,Zagreb ,Croatia,2023-02-23 21:00:00,10.24,72,1.66
290,Zagreb ,Croatia,2023-02-24 00:00:00,9.53,77,2.27
291,Zagreb ,Croatia,2023-02-24 03:00:00,8.0,83,2.36
292,Zagreb ,Croatia,2023-02-24 06:00:00,7.47,85,2.18
293,Zagreb ,Croatia,2023-02-24 09:00:00,11.12,71,3.37
294,Zagreb ,Croatia,2023-02-24 12:00:00,12.37,67,3.92
295,Zagreb ,Croatia,2023-02-24 15:00:00,12.42,70,4.34
296,Zagreb ,Croatia,2023-02-24 18:00:00,11.46,71,4.77
297,Zagreb ,Croatia,2023-02-24 21:00:00,11.06,75,4.21
298,Zagreb ,Croatia,2023-02-25 00:00:00,11.82,71,5.23
299,Zagreb ,Croatia,2023-02-25 03:00:00,11.91,70,7.33
300,Zagreb ,Croatia,2023-02-25 06:00:00,11.46,70,4.78
301,Zagreb ,Croatia,2023-02-25 09:00:00,7.82,82,3.82
302,Zagreb ,Croatia,2023-02-25 12:00:00,4.38,90,3.6
303,Zagreb ,Croatia,2023-02-25 15:00:00,3.0,96,2.04
304,Zagreb ,Croatia,2023-02-25 18:00:00,2.92,96,1.45
305,Zagreb ,Croatia,2023-02-25 21:00:00,2.21,98,1.96
306,Zagreb ,Croatia,2023-02-26 00:00:00,2.17,98,2.32
307,Zagreb ,Croatia,2023-02-26 03:00:00,0.73,98,2.99
308,Zagreb ,Croatia,2023-02-26 06:00:00,1.07,84,1.64
309,Zagreb ,Croatia,2023-02-26 09:00:00,2.38,67,3.56
310,Zagreb ,Croatia,2023-02-26 12:00:00,3.82,61,4.51
311,Zagreb ,Croatia,2023-02-26 15:00:00,4.33,59,4.66
312,Zagreb ,Croatia,2023-02-26 18:00:00,2.78,62,4.08
313,Zagreb ,Croatia,2023-02-26 21:00:00,2.19,66,3.88
314,Zagreb ,Croatia,2023-02-27 00:00:00,1.33,67,4.19
315,Zagreb ,Croatia,2023-02-27 03:00:00,-0.04,87,4.0
316,Zagreb ,Croatia,2023-02-27 06:00:00,-0.18,94,3.58
317,Zagreb ,Croatia,2023-02-27 09:00:00,0.73,89,3.52
318,Zagreb ,Croatia,2023-02-27 12:00:00,2.08,84,3.59
319,Zagreb ,Croatia,2023-02-27 15:00:00,2.72,80,3.31
320,Prague,Czech Republic,2023-02-22 18:00:00,9.72,74,2.7
321,Prague,Czech Republic,2023-02-22 21:00:00,8.56,77,1.7
322,Prague,Czech Republic,2023-02-23 00:00:00,7.1,81,1.32
323,Prague,Czech Republic,2023-02-23 03:00:00,6.41,84,1.36
324,Prague,Czech Republic,2023-02-23 06:00:00,6.07,85,1.39
325,Prague,Czech Republic,2023-02-23 09:00:00,8.4,76,1.63
326,Prague,Czech Republic,2023-02-23 12:00:00,10.65,69,1.71
327,Prague,Czech Republic,2023-02-23 15:00:00,11.09,66,0.57
328,Prague,Czech Republic,2023-02-23 18:00:00,9.43,76,0.97
329,Prague,Czech Republic,2023-02-23 21:00:00,8.79,85,2.42
330,Prague,Czech Republic,2023-02-24 00:00:00,8.22,87,2.49
331,Prague,Czech Republic,2023-02-24 03:00:00,7.69,80,2.36
332,Prague,Czech Republic,2023-02-24 06:00:00,7.0,81,1.9
333,Prague,Czech Republic,2023-02-24 09:00:00,7.1,82,2.58
334,Prague,Czech Republic,2023-02-24 12:00:00,7.35,82,3.51
335,Prague,Czech Republic,2023-02-24 15:00:00,8.65,72,3.67
336,Prague,Czech Republic,2023-02-24 18:00:00,6.37,86,3.82
337,Prague,Czech Republic,2023-02-24 21:00:00,5.21,78,4.39
338,Prague,Czech Republic,2023-02-25 00:00:00,3.47,85,4.83
339,Prague,Czech Republic,2023-02-25 03:00:00,2.71,72,6.41
340,Prague,Czech Republic,2023-02-25 06:00:00,1.17,73,6.89
341,Prague,Czech Republic,2023-02-25 09:00:00,3.09,60,8.33
342,Prague,Czech Republic,2023-02-25 12:00:00,3.51,60,8.14
343,Prague,Czech Republic,2023-02-25 15:00:00,2.27,63,7.8
344,Prague,Czech Republic,2023-02-25 18:00:00,0.0,72,5.67
345,Prague,Czech Republic,2023-02-25 21:00:00,-0.61,72,4.98
346,Prague,Czech Republic,2023-02-26 00:00:00,-0.77,81,5.25
347,Prague,Czech Republic,2023-02-26 03:00:00,-0.78,77,4.37
348,Prague,Czech Republic,2023-02-26 06:00:00,-1.34,79,4.26
349,Prague,Czech Republic,2023-02-26 09:00:00,0.23,64,6.17
350,Prague,Czech Republic,2023-02-26 12:00:00,1.57,54,5.5
351,Prague,Czech Republic,2023-02-26 15:00:00,1.9,56,6.08
352,Prague,Czech Republic,2023-02-26 18:00:00,-0.66,77,5.22
353,Prague,Czech Republic,2023-02-26 21:00:00,-1.58,79,4.33
354,Prague,Czech Republic,2023-02-27 00:00:00,-2.2,80,3.42
355,Prague,Czech Republic,2023-02-27 03:00:00,-2.63,81,2.7
356,Prague,Czech Republic,2023-02-27 06:00:00,-3.07,79,2.65
357,Prague,Czech Republic,2023-02-27 09:00:00,-0.21,59,3.41
358,Prague,Czech Republic,2023-02-27 12:00:00,2.32,46,4.39
359,Prague,Czech Republic,2023-02-27 15:00:00,2.47,48,4.92
360,Copenhagen,Denmark,2023-02-22 18:00:00,3.37,74,7.83
361,Copenhagen,Denmark,2023-02-22 21:00:00,3.2,78,7.54
362,Copenhagen,Denmark,2023-02-23 00:00:00,3.84,82,6.37
363,Copenhagen,Denmark,2023-02-23 03:00:00,3.87,88,6.63
364,Copenhagen,Denmark,2023-02-23 06:00:00,3.69,88,6.09
365,Copenhagen,Denmark,2023-02-23 09:00:00,4.0,88,4.87
366,Copenhagen,Denmark,2023-02-23 12:00:00,5.33,90,3.51
367,Copenhagen,Denmark,2023-02-23 15:00:00,5.56,76,5.91
368,Copenhagen,Denmark,2023-02-23 18:00:00,3.61,69,6.71
369,Copenhagen,Denmark,2023-02-23 21:00:00,2.75,79,6.83
370,Copenhagen,Denmark,2023-02-24 00:00:00,3.44,79,6.79
371,Copenhagen,Denmark,2023-02-24 03:00:00,2.74,96,6.23
372,Copenhagen,Denmark,2023-02-24 06:00:00,2.73,97,7.27
373,Copenhagen,Denmark,2023-02-24 09:00:00,2.66,97,6.85
374,Copenhagen,Denmark,2023-02-24 12:00:00,5.08,80,5.68
375,Copenhagen,Denmark,2023-02-24 15:00:00,4.57,84,5.11
376,Copenhagen,Denmark,2023-02-24 18:00:00,2.69,97,2.65
377,Copenhagen,Denmark,2023-02-24 21:00:00,2.71,96,6.56
378,Copenhagen,Denmark,2023-02-25 00:00:00,1.27,93,9.19
379,Copenhagen,Denmark,2023-02-25 03:00:00,1.01,73,9.5
380,Copenhagen,Denmark,2023-02-25 06:00:00,0.26,70,10.17
381,Copenhagen,Denmark,2023-02-25 09:00:00,0.9,66,9.63
382,Copenhagen,Denmark,2023-02-25 12:00:00,1.96,59,9.24
383,Copenhagen,Denmark,2023-02-25 15:00:00,2.11,56,9.06
384,Copenhagen,Denmark,2023-02-25 18:00:00,0.66,61,9.21
385,Copenhagen,Denmark,2023-02-25 21:00:00,-0.25,68,8.29
386,Copenhagen,Denmark,2023-02-26 00:00:00,-0.65,69,7.78
387,Copenhagen,Denmark,2023-02-26 03:00:00,-1.26,66,6.83
388,Copenhagen,Denmark,2023-02-26 06:00:00,-1.5,62,6.4
389,Copenhagen,Denmark,2023-02-26 09:00:00,-0.21,52,5.94
390,Copenhagen,Denmark,2023-02-26 12:00:00,0.77,48,5.96
391,Copenhagen,Denmark,2023-02-26 15:00:00,1.9,46,5.58
392,Copenhagen,Denmark,2023-02-26 18:00:00,1.04,55,4.61
393,Copenhagen,Denmark,2023-02-26 21:00:00,0.62,59,4.38
394,Copenhagen,Denmark,2023-02-27 00:00:00,0.04,64,2.79
395,Copenhagen,Denmark,2023-02-27 03:00:00,-0.07,67,2.14
396,Copenhagen,Denmark,2023-02-27 06:00:00,0.1,69,2.05
397,Copenhagen,Denmark,2023-02-27 09:00:00,2.38,69,2.68
398,Copenhagen,Denmark,2023-02-27 12:00:00,4.59,60,2.79
399,Copenhagen,Denmark,2023-02-27 15:00:00,4.45,65,3.41
400,Tallinn,Estonia,2023-02-22 18:00:00,-9.71,79,2.02
401,Tallinn,Estonia,2023-02-22 21:00:00,-10.19,85,2.9
402,Tallinn,Estonia,2023-02-23 00:00:00,-9.23,90,3.94
403,Tallinn,Estonia,2023-02-23 03:00:00,-7.3,90,4.85
404,Tallinn,Estonia,2023-02-23 06:00:00,-6.35,90,5.24
405,Tallinn,Estonia,2023-02-23 09:00:00,-3.38,85,6.43
406,Tallinn,Estonia,2023-02-23 12:00:00,-1.31,81,6.83
407,Tallinn,Estonia,2023-02-23 15:00:00,-2.29,90,7.14
408,Tallinn,Estonia,2023-02-23 18:00:00,-2.47,90,6.92
409,Tallinn,Estonia,2023-02-23 21:00:00,-1.88,95,6.16
410,Tallinn,Estonia,2023-02-24 00:00:00,-1.6,96,5.83
411,Tallinn,Estonia,2023-02-24 03:00:00,-1.55,95,4.21
412,Tallinn,Estonia,2023-02-24 06:00:00,-1.57,96,1.88
413,Tallinn,Estonia,2023-02-24 09:00:00,-0.78,94,2.31
414,Tallinn,Estonia,2023-02-24 12:00:00,-0.34,93,3.05
415,Tallinn,Estonia,2023-02-24 15:00:00,-0.76,97,3.96
416,Tallinn,Estonia,2023-02-24 18:00:00,-1.44,96,5.42
417,Tallinn,Estonia,2023-02-24 21:00:00,-1.69,97,5.2
418,Tallinn,Estonia,2023-02-25 00:00:00,-1.63,96,5.94
419,Tallinn,Estonia,2023-02-25 03:00:00,-1.95,95,7.09
420,Tallinn,Estonia,2023-02-25 06:00:00,-2.22,90,7.34
421,Tallinn,Estonia,2023-02-25 09:00:00,-1.85,85,7.47
422,Tallinn,Estonia,2023-02-25 12:00:00,-1.92,82,8.16
423,Tallinn,Estonia,2023-02-25 15:00:00,-1.9,81,8.96
424,Tallinn,Estonia,2023-02-25 18:00:00,-2.38,84,9.6
425,Tallinn,Estonia,2023-02-25 21:00:00,-3.3,84,9.7
426,Tallinn,Estonia,2023-02-26 00:00:00,-4.07,85,9.17
427,Tallinn,Estonia,2023-02-26 03:00:00,-4.99,85,9.15
428,Tallinn,Estonia,2023-02-26 06:00:00,-5.45,84,9.32
429,Tallinn,Estonia,2023-02-26 09:00:00,-5.31,83,9.04
430,Tallinn,Estonia,2023-02-26 12:00:00,-4.25,78,9.32
431,Tallinn,Estonia,2023-02-26 15:00:00,-3.93,74,9.07
432,Tallinn,Estonia,2023-02-26 18:00:00,-3.84,76,8.04
433,Tallinn,Estonia,2023-02-26 21:00:00,-4.37,77,5.62
434,Tallinn,Estonia,2023-02-27 00:00:00,-5.5,80,4.29
435,Tallinn,Estonia,2023-02-27 03:00:00,-5.31,84,3.55
436,Tallinn,Estonia,2023-02-27 06:00:00,-3.47,92,3.57
437,Tallinn,Estonia,2023-02-27 09:00:00,0.83,97,4.53
438,Tallinn,Estonia,2023-02-27 12:00:00,1.14,97,4.32
439,Tallinn,Estonia,2023-02-27 15:00:00,0.89,96,5.11
440,Helsinki,Finland,2023-02-22 18:00:00,-10.26,85,0.42
441,Helsinki,Finland,2023-02-22 21:00:00,-10.47,86,1.32
442,Helsinki,Finland,2023-02-23 00:00:00,-8.88,89,3.09
443,Helsinki,Finland,2023-02-23 03:00:00,-3.64,84,5.78
444,Helsinki,Finland,2023-02-23 06:00:00,-3.23,82,6.35
445,Helsinki,Finland,2023-02-23 09:00:00,-2.34,84,7.09
446,Helsinki,Finland,2023-02-23 12:00:00,-1.44,90,7.9
447,Helsinki,Finland,2023-02-23 15:00:00,-1.52,95,8.19
448,Helsinki,Finland,2023-02-23 18:00:00,-1.47,96,7.9
449,Helsinki,Finland,2023-02-23 21:00:00,-1.33,96,7.14
450,Helsinki,Finland,2023-02-24 00:00:00,-1.2,97,5.66
451,Helsinki,Finland,2023-02-24 03:00:00,-1.25,96,3.36
452,Helsinki,Finland,2023-02-24 06:00:00,-1.17,97,0.5
453,Helsinki,Finland,2023-02-24 09:00:00,-0.74,92,2.6
454,Helsinki,Finland,2023-02-24 12:00:00,-0.37,90,2.65
455,Helsinki,Finland,2023-02-24 15:00:00,-1.19,94,3.19
456,Helsinki,Finland,2023-02-24 18:00:00,-1.86,95,3.88
457,Helsinki,Finland,2023-02-24 21:00:00,-2.29,96,3.87
458,Helsinki,Finland,2023-02-25 00:00:00,-4.02,94,4.92
459,Helsinki,Finland,2023-02-25 03:00:00,-4.87,92,4.74
460,Helsinki,Finland,2023-02-25 06:00:00,-5.0,91,4.82
461,Helsinki,Finland,2023-02-25 09:00:00,-3.05,88,5.18
462,Helsinki,Finland,2023-02-25 12:00:00,-1.83,86,5.92
463,Helsinki,Finland,2023-02-25 15:00:00,-3.29,85,6.82
464,Helsinki,Finland,2023-02-25 18:00:00,-4.49,87,7.46
465,Helsinki,Finland,2023-02-25 21:00:00,-5.6,87,7.63
466,Helsinki,Finland,2023-02-26 00:00:00,-6.91,88,7.19
467,Helsinki,Finland,2023-02-26 03:00:00,-7.81,89,7.21
468,Helsinki,Finland,2023-02-26 06:00:00,-8.6,88,7.6
469,Helsinki,Finland,2023-02-26 09:00:00,-6.79,84,7.77
470,Helsinki,Finland,2023-02-26 12:00:00,-4.93,79,7.81
471,Helsinki,Finland,2023-02-26 15:00:00,-5.2,77,7.1
472,Helsinki,Finland,2023-02-26 18:00:00,-6.03,81,6.05
473,Helsinki,Finland,2023-02-26 21:00:00,-7.29,85,5.08
474,Helsinki,Finland,2023-02-27 00:00:00,-8.43,86,3.12
475,Helsinki,Finland,2023-02-27 03:00:00,-6.3,89,3.37
476,Helsinki,Finland,2023-02-27 06:00:00,-5.02,94,3.47
477,Helsinki,Finland,2023-02-27 09:00:00,-1.06,92,3.24
478,Helsinki,Finland,2023-02-27 12:00:00,1.38,98,2.99
479,Helsinki,Finland,2023-02-27 15:00:00,1.37,98,4.8
480,Paris,France,2023-02-22 18:00:00,9.29,90,2.41
481,Paris,France,2023-02-22 21:00:00,9.41,89,2.49
482,Paris,France,2023-02-23 00:00:00,8.96,86,2.82
483,Paris,France,2023-02-23 03:00:00,8.22,85,2.57
484,Paris,France,2023-02-23 06:00:00,7.94,87,2.23
485,Paris,France,2023-02-23 09:00:00,9.01,89,2.65
486,Paris,France,2023-02-23 12:00:00,10.18,82,3.54
487,Paris,France,2023-02-23 15:00:00,10.16,80,4.53
488,Paris,France,2023-02-23 18:00:00,8.68,82,4.32
489,Paris,France,2023-02-23 21:00:00,8.26,82,4.03
490,Paris,France,2023-02-24 00:00:00,7.23,83,4.17
491,Paris,France,2023-02-24 03:00:00,6.39,80,4.27
492,Paris,France,2023-02-24 06:00:00,5.72,79,3.37
493,Paris,France,2023-02-24 09:00:00,5.79,71,3.54
494,Paris,France,2023-02-24 12:00:00,8.49,50,3.26
495,Paris,France,2023-02-24 15:00:00,9.69,44,4.43
496,Paris,France,2023-02-24 18:00:00,7.73,71,4.2
497,Paris,France,2023-02-24 21:00:00,6.24,77,4.1
498,Paris,France,2023-02-25 00:00:00,4.53,80,3.17
499,Paris,France,2023-02-25 03:00:00,4.14,72,3.06
500,Paris,France,2023-02-25 06:00:00,4.05,67,3.15
501,Paris,France,2023-02-25 09:00:00,4.72,66,3.54
502,Paris,France,2023-02-25 12:00:00,6.96,51,5.1
503,Paris,France,2023-02-25 15:00:00,7.95,46,5.34
504,Paris,France,2023-02-25 18:00:00,6.06,60,4.47
505,Paris,France,2023-02-25 21:00:00,4.37,64,5.43
506,Paris,France,2023-02-26 00:00:00,3.1,68,5.36
507,Paris,France,2023-02-26 03:00:00,2.12,69,5.07
508,Paris,France,2023-02-26 06:00:00,1.31,52,5.9
509,Paris,France,2023-02-26 09:00:00,2.15,47,6.71
510,Paris,France,2023-02-26 12:00:00,4.24,34,7.23
511,Paris,France,2023-02-26 15:00:00,5.59,32,6.77
512,Paris,France,2023-02-26 18:00:00,3.69,40,6.1
513,Paris,France,2023-02-26 21:00:00,2.2,46,5.7
514,Paris,France,2023-02-27 00:00:00,0.92,53,5.02
515,Paris,France,2023-02-27 03:00:00,0.02,57,4.91
516,Paris,France,2023-02-27 06:00:00,-0.56,61,4.71
517,Paris,France,2023-02-27 09:00:00,1.12,50,5.89
518,Paris,France,2023-02-27 12:00:00,4.69,29,6.5
519,Paris,France,2023-02-27 15:00:00,6.07,27,6.29
520,Berlin,Germany,2023-02-22 18:00:00,8.96,74,2.93
521,Berlin,Germany,2023-02-22 21:00:00,7.92,75,3.86
522,Berlin,Germany,2023-02-23 00:00:00,6.41,77,3.7
523,Berlin,Germany,2023-02-23 03:00:00,4.45,83,3.11
524,Berlin,Germany,2023-02-23 06:00:00,4.36,87,2.37
525,Berlin,Germany,2023-02-23 09:00:00,7.15,84,1.65
526,Berlin,Germany,2023-02-23 12:00:00,10.15,76,2.6
527,Berlin,Germany,2023-02-23 15:00:00,10.43,77,2.52
528,Berlin,Germany,2023-02-23 18:00:00,8.1,88,3.82
529,Berlin,Germany,2023-02-23 21:00:00,7.42,90,4.13
530,Berlin,Germany,2023-02-24 00:00:00,5.57,73,4.69
531,Berlin,Germany,2023-02-24 03:00:00,2.57,74,3.97
532,Berlin,Germany,2023-02-24 06:00:00,1.84,79,3.52
533,Berlin,Germany,2023-02-24 09:00:00,3.66,68,5.09
534,Berlin,Germany,2023-02-24 12:00:00,4.11,70,6.35
535,Berlin,Germany,2023-02-24 15:00:00,2.67,95,5.03
536,Berlin,Germany,2023-02-24 18:00:00,3.39,87,4.95
537,Berlin,Germany,2023-02-24 21:00:00,3.74,81,6.05
538,Berlin,Germany,2023-02-25 00:00:00,2.05,95,5.96
539,Berlin,Germany,2023-02-25 03:00:00,1.15,95,7.13
540,Berlin,Germany,2023-02-25 06:00:00,1.37,96,6.85
541,Berlin,Germany,2023-02-25 09:00:00,0.8,94,6.43
542,Berlin,Germany,2023-02-25 12:00:00,2.23,71,7.05
543,Berlin,Germany,2023-02-25 15:00:00,1.44,77,6.19
544,Berlin,Germany,2023-02-25 18:00:00,0.57,80,5.05
545,Berlin,Germany,2023-02-25 21:00:00,0.09,83,4.55
546,Berlin,Germany,2023-02-26 00:00:00,-0.73,84,4.43
547,Berlin,Germany,2023-02-26 03:00:00,-1.36,86,4.41
548,Berlin,Germany,2023-02-26 06:00:00,-1.57,88,4.74
549,Berlin,Germany,2023-02-26 09:00:00,0.7,71,5.42
550,Berlin,Germany,2023-02-26 12:00:00,2.45,53,5.13
551,Berlin,Germany,2023-02-26 15:00:00,1.95,53,4.98
552,Berlin,Germany,2023-02-26 18:00:00,-0.94,70,3.6
553,Berlin,Germany,2023-02-26 21:00:00,-1.76,70,2.78
554,Berlin,Germany,2023-02-27 00:00:00,-2.0,71,1.92
555,Berlin,Germany,2023-02-27 03:00:00,-2.0,72,1.53
556,Berlin,Germany,2023-02-27 06:00:00,-2.18,73,1.9
557,Berlin,Germany,2023-02-27 09:00:00,0.79,57,1.43
558,Berlin,Germany,2023-02-27 12:00:00,2.87,49,1.72
559,Berlin,Germany,2023-02-27 15:00:00,3.47,49,2.4
560,Athens,Greece,2023-02-22 18:00:00,15.4,72,0.63
561,Athens,Greece,2023-02-22 21:00:00,14.33,74,0.41
562,Athens,Greece,2023-02-23 00:00:00,12.65,78,0.71
563,Athens,Greece,2023-02-23 03:00:00,10.8,78,1.23
564,Athens,Greece,2023-02-23 06:00:00,11.77,75,1.15
565,Athens,Greece,2023-02-23 09:00:00,15.73,60,1.03
566,Athens,Greece,2023-02-23 12:00:00,17.17,58,2.68
567,Athens,Greece,2023-02-23 15:00:00,15.58,68,1.91
568,Athens,Greece,2023-02-23 18:00:00,13.86,78,0.56
569,Athens,Greece,2023-02-23 21:00:00,13.09,81,0.22
570,Athens,Greece,2023-02-24 00:00:00,12.74,82,0.44
571,Athens,Greece,2023-02-24 03:00:00,12.45,82,0.44
572,Athens,Greece,2023-02-24 06:00:00,12.77,79,0.29
573,Athens,Greece,2023-02-24 09:00:00,15.07,68,1.34
574,Athens,Greece,2023-02-24 12:00:00,15.97,65,3.33
575,Athens,Greece,2023-02-24 15:00:00,15.5,67,3.34
576,Athens,Greece,2023-02-24 18:00:00,12.97,85,1.53
577,Athens,Greece,2023-02-24 21:00:00,12.17,88,1.17
578,Athens,Greece,2023-02-25 00:00:00,11.41,91,0.54
579,Athens,Greece,2023-02-25 03:00:00,10.68,92,0.56
580,Athens,Greece,2023-02-25 06:00:00,11.68,91,0.96
581,Athens,Greece,2023-02-25 09:00:00,15.09,67,2.89
582,Athens,Greece,2023-02-25 12:00:00,16.31,61,3.69
583,Athens,Greece,2023-02-25 15:00:00,15.67,60,2.48
584,Athens,Greece,2023-02-25 18:00:00,13.39,84,2.11
585,Athens,Greece,2023-02-25 21:00:00,12.6,91,2.15
586,Athens,Greece,2023-02-26 00:00:00,12.71,90,2.68
587,Athens,Greece,2023-02-26 03:00:00,12.21,86,3.72
588,Athens,Greece,2023-02-26 06:00:00,12.62,84,3.61
589,Athens,Greece,2023-02-26 09:00:00,16.23,61,6.73
590,Athens,Greece,2023-02-26 12:00:00,17.41,59,8.87
591,Athens,Greece,2023-02-26 15:00:00,16.54,65,8.78
592,Athens,Greece,2023-02-26 18:00:00,14.13,83,4.58
593,Athens,Greece,2023-02-26 21:00:00,13.58,87,3.83
594,Athens,Greece,2023-02-27 00:00:00,12.95,91,2.47
595,Athens,Greece,2023-02-27 03:00:00,12.59,96,1.59
596,Athens,Greece,2023-02-27 06:00:00,13.91,92,1.5
597,Athens,Greece,2023-02-27 09:00:00,16.26,79,2.61
598,Athens,Greece,2023-02-27 12:00:00,18.54,65,3.56
599,Athens,Greece,2023-02-27 15:00:00,17.98,65,2.71
600,Budapest,Hungary,2023-02-22 18:00:00,11.58,69,2.41
601,Budapest,Hungary,2023-02-22 21:00:00,10.55,68,1.78
602,Budapest,Hungary,2023-02-23 00:00:00,8.79,69,1.9
603,Budapest,Hungary,2023-02-23 03:00:00,6.43,71,2.31
604,Budapest,Hungary,2023-02-23 06:00:00,5.85,71,2.26
605,Budapest,Hungary,2023-02-23 09:00:00,7.69,60,2.61
606,Budapest,Hungary,2023-02-23 12:00:00,9.76,52,2.86
607,Budapest,Hungary,2023-02-23 15:00:00,10.17,53,2.83
608,Budapest,Hungary,2023-02-23 18:00:00,8.84,59,2.34
609,Budapest,Hungary,2023-02-23 21:00:00,8.39,60,1.86
610,Budapest,Hungary,2023-02-24 00:00:00,7.86,68,2.17
611,Budapest,Hungary,2023-02-24 03:00:00,7.5,82,1.42
612,Budapest,Hungary,2023-02-24 06:00:00,7.65,85,0.97
613,Budapest,Hungary,2023-02-24 09:00:00,9.02,78,1.71
614,Budapest,Hungary,2023-02-24 12:00:00,12.92,58,2.84
615,Budapest,Hungary,2023-02-24 15:00:00,13.12,56,3.88
616,Budapest,Hungary,2023-02-24 18:00:00,10.93,73,4.6
617,Budapest,Hungary,2023-02-24 21:00:00,9.9,80,4.42
618,Budapest,Hungary,2023-02-25 00:00:00,10.08,80,6.05
619,Budapest,Hungary,2023-02-25 03:00:00,10.34,77,6.08
620,Budapest,Hungary,2023-02-25 06:00:00,6.65,84,5.35
621,Budapest,Hungary,2023-02-25 09:00:00,6.44,65,5.49
622,Budapest,Hungary,2023-02-25 12:00:00,7.74,46,7.3
623,Budapest,Hungary,2023-02-25 15:00:00,7.3,45,5.62
624,Budapest,Hungary,2023-02-25 18:00:00,5.52,49,3.81
625,Budapest,Hungary,2023-02-25 21:00:00,3.95,61,4.1
626,Budapest,Hungary,2023-02-26 00:00:00,2.71,61,4.82
627,Budapest,Hungary,2023-02-26 03:00:00,1.51,62,4.91
628,Budapest,Hungary,2023-02-26 06:00:00,0.99,66,4.79
629,Budapest,Hungary,2023-02-26 09:00:00,3.06,54,4.36
630,Budapest,Hungary,2023-02-26 12:00:00,5.75,40,3.13
631,Budapest,Hungary,2023-02-26 15:00:00,6.56,34,3.15
632,Budapest,Hungary,2023-02-26 18:00:00,5.14,46,1.36
633,Budapest,Hungary,2023-02-26 21:00:00,4.34,56,2.74
634,Budapest,Hungary,2023-02-27 00:00:00,3.28,65,2.77
635,Budapest,Hungary,2023-02-27 03:00:00,2.43,53,3.21
636,Budapest,Hungary,2023-02-27 06:00:00,1.99,53,3.31
637,Budapest,Hungary,2023-02-27 09:00:00,3.66,43,3.64
638,Budapest,Hungary,2023-02-27 12:00:00,5.68,36,3.44
639,Budapest,Hungary,2023-02-27 15:00:00,6.07,38,3.22
640,Reykjavík,Iceland,2023-02-22 18:00:00,1.72,87,4.82
641,Reykjavík,Iceland,2023-02-22 21:00:00,2.91,90,9.84
642,Reykjavík,Iceland,2023-02-23 00:00:00,3.4,89,9.86
643,Reykjavík,Iceland,2023-02-23 03:00:00,3.65,86,9.58
644,Reykjavík,Iceland,2023-02-23 06:00:00,3.18,87,8.16
645,Reykjavík,Iceland,2023-02-23 09:00:00,3.5,86,6.44
646,Reykjavík,Iceland,2023-02-23 12:00:00,3.97,86,6.59
647,Reykjavík,Iceland,2023-02-23 15:00:00,4.12,84,5.8
648,Reykjavík,Iceland,2023-02-23 18:00:00,2.94,89,2.0
649,Reykjavík,Iceland,2023-02-23 21:00:00,3.04,92,2.91
650,Reykjavík,Iceland,2023-02-24 00:00:00,3.49,96,3.28
651,Reykjavík,Iceland,2023-02-24 03:00:00,4.17,95,3.42
652,Reykjavík,Iceland,2023-02-24 06:00:00,4.05,94,3.78
653,Reykjavík,Iceland,2023-02-24 09:00:00,4.15,93,3.88
654,Reykjavík,Iceland,2023-02-24 12:00:00,4.68,97,4.28
655,Reykjavík,Iceland,2023-02-24 15:00:00,4.94,96,5.29
656,Reykjavík,Iceland,2023-02-24 18:00:00,5.2,93,7.38
657,Reykjavík,Iceland,2023-02-24 21:00:00,5.38,91,9.1
658,Reykjavík,Iceland,2023-02-25 00:00:00,5.52,91,11.04
659,Reykjavík,Iceland,2023-02-25 03:00:00,5.86,93,10.37
660,Reykjavík,Iceland,2023-02-25 06:00:00,6.02,95,8.01
661,Reykjavík,Iceland,2023-02-25 09:00:00,4.46,99,2.56
662,Reykjavík,Iceland,2023-02-25 12:00:00,3.63,99,0.78
663,Reykjavík,Iceland,2023-02-25 15:00:00,5.13,97,4.34
664,Reykjavík,Iceland,2023-02-25 18:00:00,5.63,96,5.92
665,Reykjavík,Iceland,2023-02-25 21:00:00,5.68,94,5.89
666,Reykjavík,Iceland,2023-02-26 00:00:00,5.81,91,6.9
667,Reykjavík,Iceland,2023-02-26 03:00:00,5.7,85,8.4
668,Reykjavík,Iceland,2023-02-26 06:00:00,5.65,83,10.07
669,Reykjavík,Iceland,2023-02-26 09:00:00,5.9,90,11.61
670,Reykjavík,Iceland,2023-02-26 12:00:00,6.67,91,12.65
671,Reykjavík,Iceland,2023-02-26 15:00:00,6.97,90,12.53
672,Reykjavík,Iceland,2023-02-26 18:00:00,6.87,88,12.75
673,Reykjavík,Iceland,2023-02-26 21:00:00,6.49,87,13.47
674,Reykjavík,Iceland,2023-02-27 00:00:00,6.38,89,15.01
675,Reykjavík,Iceland,2023-02-27 03:00:00,6.34,87,16.23
676,Reykjavík,Iceland,2023-02-27 06:00:00,6.38,87,16.61
677,Reykjavík,Iceland,2023-02-27 09:00:00,6.49,87,15.83
678,Reykjavík,Iceland,2023-02-27 12:00:00,6.74,87,15.42
679,Reykjavík,Iceland,2023-02-27 15:00:00,6.86,86,14.29
680,Dublin,Ireland,2023-02-22 18:00:00,8.04,67,6.31
681,Dublin,Ireland,2023-02-22 21:00:00,6.92,73,7.1
682,Dublin,Ireland,2023-02-23 00:00:00,5.55,77,6.5
683,Dublin,Ireland,2023-02-23 03:00:00,2.79,85,3.87
684,Dublin,Ireland,2023-02-23 06:00:00,0.77,91,2.25
685,Dublin,Ireland,2023-02-23 09:00:00,2.5,82,2.3
686,Dublin,Ireland,2023-02-23 12:00:00,7.32,65,3.1
687,Dublin,Ireland,2023-02-23 15:00:00,8.53,64,3.38
688,Dublin,Ireland,2023-02-23 18:00:00,6.79,81,2.93
689,Dublin,Ireland,2023-02-23 21:00:00,5.3,93,3.41
690,Dublin,Ireland,2023-02-24 00:00:00,5.14,95,3.55
691,Dublin,Ireland,2023-02-24 03:00:00,5.39,95,3.71
692,Dublin,Ireland,2023-02-24 06:00:00,5.89,93,4.36
693,Dublin,Ireland,2023-02-24 09:00:00,7.61,92,4.67
694,Dublin,Ireland,2023-02-24 12:00:00,8.8,87,5.66
695,Dublin,Ireland,2023-02-24 15:00:00,9.89,78,6.22
696,Dublin,Ireland,2023-02-24 18:00:00,7.2,84,3.68
697,Dublin,Ireland,2023-02-24 21:00:00,5.44,90,3.1
698,Dublin,Ireland,2023-02-25 00:00:00,5.81,87,2.78
699,Dublin,Ireland,2023-02-25 03:00:00,4.28,85,2.46
700,Dublin,Ireland,2023-02-25 06:00:00,4.02,83,2.31
701,Dublin,Ireland,2023-02-25 09:00:00,5.3,72,3.12
702,Dublin,Ireland,2023-02-25 12:00:00,6.95,61,4.13
703,Dublin,Ireland,2023-02-25 15:00:00,6.6,64,4.78
704,Dublin,Ireland,2023-02-25 18:00:00,4.91,73,4.8
705,Dublin,Ireland,2023-02-25 21:00:00,5.82,68,4.47
706,Dublin,Ireland,2023-02-26 00:00:00,5.98,67,4.12
707,Dublin,Ireland,2023-02-26 03:00:00,6.21,66,4.29
708,Dublin,Ireland,2023-02-26 06:00:00,5.94,68,4.92
709,Dublin,Ireland,2023-02-26 09:00:00,6.39,67,5.18
710,Dublin,Ireland,2023-02-26 12:00:00,7.77,62,5.34
711,Dublin,Ireland,2023-02-26 15:00:00,7.56,64,5.07
712,Dublin,Ireland,2023-02-26 18:00:00,5.74,74,4.52
713,Dublin,Ireland,2023-02-26 21:00:00,6.98,64,5.57
714,Dublin,Ireland,2023-02-27 00:00:00,7.02,63,4.58
715,Dublin,Ireland,2023-02-27 03:00:00,5.12,76,3.37
716,Dublin,Ireland,2023-02-27 06:00:00,4.3,78,2.68
717,Dublin,Ireland,2023-02-27 09:00:00,6.4,68,3.51
718,Dublin,Ireland,2023-02-27 12:00:00,7.34,61,4.52
719,Dublin,Ireland,2023-02-27 15:00:00,8.07,58,3.22
720,Rome,Italy,2023-02-22 18:00:00,14.36,73,1.03
721,Rome,Italy,2023-02-22 21:00:00,12.95,78,0.31
722,Rome,Italy,2023-02-23 00:00:00,11.45,85,0.78
723,Rome,Italy,2023-02-23 03:00:00,9.35,91,0.95
724,Rome,Italy,2023-02-23 06:00:00,9.14,91,1.39
725,Rome,Italy,2023-02-23 09:00:00,12.67,76,0.42
726,Rome,Italy,2023-02-23 12:00:00,16.33,57,1.99
727,Rome,Italy,2023-02-23 15:00:00,15.88,60,2.65
728,Rome,Italy,2023-02-23 18:00:00,11.54,82,1.66
729,Rome,Italy,2023-02-23 21:00:00,10.34,86,0.76
730,Rome,Italy,2023-02-24 00:00:00,9.48,88,1.02
731,Rome,Italy,2023-02-24 03:00:00,9.2,88,1.27
732,Rome,Italy,2023-02-24 06:00:00,8.9,88,1.46
733,Rome,Italy,2023-02-24 09:00:00,12.85,69,1.96
734,Rome,Italy,2023-02-24 12:00:00,16.57,50,3.84
735,Rome,Italy,2023-02-24 15:00:00,16.07,55,4.16
736,Rome,Italy,2023-02-24 18:00:00,12.14,69,2.48
737,Rome,Italy,2023-02-24 21:00:00,11.43,66,1.64
738,Rome,Italy,2023-02-25 00:00:00,11.43,64,3.06
739,Rome,Italy,2023-02-25 03:00:00,10.86,63,2.28
740,Rome,Italy,2023-02-25 06:00:00,11.0,65,2.71
741,Rome,Italy,2023-02-25 09:00:00,12.85,75,3.75
742,Rome,Italy,2023-02-25 12:00:00,17.96,56,3.08
743,Rome,Italy,2023-02-25 15:00:00,16.25,71,4.52
744,Rome,Italy,2023-02-25 18:00:00,13.31,84,1.98
745,Rome,Italy,2023-02-25 21:00:00,12.84,85,2.6
746,Rome,Italy,2023-02-26 00:00:00,11.93,90,3.11
747,Rome,Italy,2023-02-26 03:00:00,11.19,94,1.76
748,Rome,Italy,2023-02-26 06:00:00,10.99,96,1.85
749,Rome,Italy,2023-02-26 09:00:00,10.9,96,1.59
750,Rome,Italy,2023-02-26 12:00:00,10.6,92,4.37
751,Rome,Italy,2023-02-26 15:00:00,10.3,92,4.85
752,Rome,Italy,2023-02-26 18:00:00,10.31,90,4.22
753,Rome,Italy,2023-02-26 21:00:00,7.75,88,2.23
754,Rome,Italy,2023-02-27 00:00:00,6.81,89,0.46
755,Rome,Italy,2023-02-27 03:00:00,7.0,88,0.68
756,Rome,Italy,2023-02-27 06:00:00,6.87,90,1.43
757,Rome,Italy,2023-02-27 09:00:00,9.01,81,2.07
758,Rome,Italy,2023-02-27 12:00:00,12.59,62,2.15
759,Rome,Italy,2023-02-27 15:00:00,12.74,64,3.2
760,Pristina,Kosovo,2023-02-22 18:00:00,9.25,67,0.88
761,Pristina,Kosovo,2023-02-22 21:00:00,8.69,71,0.76
762,Pristina,Kosovo,2023-02-23 00:00:00,7.42,77,0.49
763,Pristina,Kosovo,2023-02-23 03:00:00,5.63,84,0.12
764,Pristina,Kosovo,2023-02-23 06:00:00,5.62,84,0.42
765,Pristina,Kosovo,2023-02-23 09:00:00,10.42,65,0.73
766,Pristina,Kosovo,2023-02-23 12:00:00,12.97,55,1.06
767,Pristina,Kosovo,2023-02-23 15:00:00,12.23,62,0.34
768,Pristina,Kosovo,2023-02-23 18:00:00,9.07,72,0.15
769,Pristina,Kosovo,2023-02-23 21:00:00,7.95,76,0.55
770,Pristina,Kosovo,2023-02-24 00:00:00,7.06,80,0.66
771,Pristina,Kosovo,2023-02-24 03:00:00,5.93,86,1.13
772,Pristina,Kosovo,2023-02-24 06:00:00,5.23,91,0.98
773,Pristina,Kosovo,2023-02-24 09:00:00,10.22,69,2.0
774,Pristina,Kosovo,2023-02-24 12:00:00,12.59,55,3.87
775,Pristina,Kosovo,2023-02-24 15:00:00,12.31,60,3.94
776,Pristina,Kosovo,2023-02-24 18:00:00,8.7,75,2.24
777,Pristina,Kosovo,2023-02-24 21:00:00,7.3,84,1.74
778,Pristina,Kosovo,2023-02-25 00:00:00,6.28,89,2.18
779,Pristina,Kosovo,2023-02-25 03:00:00,5.2,92,2.17
780,Pristina,Kosovo,2023-02-25 06:00:00,5.51,92,2.71
781,Pristina,Kosovo,2023-02-25 09:00:00,9.66,70,4.29
782,Pristina,Kosovo,2023-02-25 12:00:00,14.03,50,8.34
783,Pristina,Kosovo,2023-02-25 15:00:00,11.74,62,7.03
784,Pristina,Kosovo,2023-02-25 18:00:00,10.65,60,6.48
785,Pristina,Kosovo,2023-02-25 21:00:00,8.44,71,2.77
786,Pristina,Kosovo,2023-02-26 00:00:00,7.63,72,2.53
787,Pristina,Kosovo,2023-02-26 03:00:00,6.83,80,1.33
788,Pristina,Kosovo,2023-02-26 06:00:00,6.82,80,1.85
789,Pristina,Kosovo,2023-02-26 09:00:00,10.55,62,1.97
790,Pristina,Kosovo,2023-02-26 12:00:00,9.22,62,0.77
791,Pristina,Kosovo,2023-02-26 15:00:00,2.79,87,4.33
792,Pristina,Kosovo,2023-02-26 18:00:00,0.27,94,3.12
793,Pristina,Kosovo,2023-02-26 21:00:00,0.43,89,2.64
794,Pristina,Kosovo,2023-02-27 00:00:00,-0.02,91,1.87
795,Pristina,Kosovo,2023-02-27 03:00:00,0.22,89,1.48
796,Pristina,Kosovo,2023-02-27 06:00:00,0.61,89,1.24
797,Pristina,Kosovo,2023-02-27 09:00:00,3.15,87,1.1
798,Pristina,Kosovo,2023-02-27 12:00:00,5.51,83,1.19
799,Pristina,Kosovo,2023-02-27 15:00:00,5.44,85,2.55
800,Riga,Latvia,2023-02-22 18:00:00,-5.06,70,2.24
801,Riga,Latvia,2023-02-22 21:00:00,-5.76,73,2.4
802,Riga,Latvia,2023-02-23 00:00:00,-6.47,76,2.97
803,Riga,Latvia,2023-02-23 03:00:00,-6.67,77,3.19
804,Riga,Latvia,2023-02-23 06:00:00,-5.72,74,3.74
805,Riga,Latvia,2023-02-23 09:00:00,-2.64,63,4.94
806,Riga,Latvia,2023-02-23 12:00:00,-0.3,57,4.99
807,Riga,Latvia,2023-02-23 15:00:00,-0.04,58,5.11
808,Riga,Latvia,2023-02-23 18:00:00,0.09,62,5.63
809,Riga,Latvia,2023-02-23 21:00:00,0.24,62,5.4
810,Riga,Latvia,2023-02-24 00:00:00,-1.11,95,5.36
811,Riga,Latvia,2023-02-24 03:00:00,-0.43,96,4.55
812,Riga,Latvia,2023-02-24 06:00:00,0.38,98,3.48
813,Riga,Latvia,2023-02-24 09:00:00,0.95,99,2.14
814,Riga,Latvia,2023-02-24 12:00:00,1.16,98,2.1
815,Riga,Latvia,2023-02-24 15:00:00,0.95,96,2.66
816,Riga,Latvia,2023-02-24 18:00:00,0.29,99,2.31
817,Riga,Latvia,2023-02-24 21:00:00,0.3,99,2.7
818,Riga,Latvia,2023-02-25 00:00:00,0.21,99,1.68
819,Riga,Latvia,2023-02-25 03:00:00,0.01,99,1.17
820,Riga,Latvia,2023-02-25 06:00:00,-0.37,98,1.8
821,Riga,Latvia,2023-02-25 09:00:00,0.37,92,3.08
822,Riga,Latvia,2023-02-25 12:00:00,0.04,85,3.59
823,Riga,Latvia,2023-02-25 15:00:00,-0.3,89,4.65
824,Riga,Latvia,2023-02-25 18:00:00,-1.01,91,6.12
825,Riga,Latvia,2023-02-25 21:00:00,-2.23,91,7.15
826,Riga,Latvia,2023-02-26 00:00:00,-2.45,83,7.89
827,Riga,Latvia,2023-02-26 03:00:00,-2.75,79,8.51
828,Riga,Latvia,2023-02-26 06:00:00,-3.16,78,8.38
829,Riga,Latvia,2023-02-26 09:00:00,-2.41,74,8.48
830,Riga,Latvia,2023-02-26 12:00:00,-1.91,72,8.1
831,Riga,Latvia,2023-02-26 15:00:00,-2.44,73,7.65
832,Riga,Latvia,2023-02-26 18:00:00,-2.62,72,6.96
833,Riga,Latvia,2023-02-26 21:00:00,-2.97,74,5.24
834,Riga,Latvia,2023-02-27 00:00:00,-2.93,76,4.16
835,Riga,Latvia,2023-02-27 03:00:00,-3.08,78,3.44
836,Riga,Latvia,2023-02-27 06:00:00,-3.28,83,1.88
837,Riga,Latvia,2023-02-27 09:00:00,0.05,70,2.88
838,Riga,Latvia,2023-02-27 12:00:00,2.28,70,3.69
839,Riga,Latvia,2023-02-27 15:00:00,1.85,79,3.59
840,Vaduz,Liechtenstein,2023-02-22 18:00:00,10.8,74,0.82
841,Vaduz,Liechtenstein,2023-02-22 21:00:00,9.98,79,0.67
842,Vaduz,Liechtenstein,2023-02-23 00:00:00,9.21,85,0.43
843,Vaduz,Liechtenstein,2023-02-23 03:00:00,7.87,96,0.62
844,Vaduz,Liechtenstein,2023-02-23 06:00:00,7.76,97,0.29
845,Vaduz,Liechtenstein,2023-02-23 09:00:00,8.09,95,0.55
846,Vaduz,Liechtenstein,2023-02-23 12:00:00,9.07,87,0.37
847,Vaduz,Liechtenstein,2023-02-23 15:00:00,10.47,75,0.33
848,Vaduz,Liechtenstein,2023-02-23 18:00:00,8.93,81,0.9
849,Vaduz,Liechtenstein,2023-02-23 21:00:00,7.32,83,1.81
850,Vaduz,Liechtenstein,2023-02-24 00:00:00,6.18,83,2.49
851,Vaduz,Liechtenstein,2023-02-24 03:00:00,5.13,83,2.66
852,Vaduz,Liechtenstein,2023-02-24 06:00:00,4.91,83,2.89
853,Vaduz,Liechtenstein,2023-02-24 09:00:00,9.72,64,2.68
854,Vaduz,Liechtenstein,2023-02-24 12:00:00,12.9,52,2.38
855,Vaduz,Liechtenstein,2023-02-24 15:00:00,12.32,56,1.19
856,Vaduz,Liechtenstein,2023-02-24 18:00:00,8.79,82,1.25
857,Vaduz,Liechtenstein,2023-02-24 21:00:00,7.27,88,1.63
858,Vaduz,Liechtenstein,2023-02-25 00:00:00,4.42,99,2.46
859,Vaduz,Liechtenstein,2023-02-25 03:00:00,3.5,99,1.52
860,Vaduz,Liechtenstein,2023-02-25 06:00:00,3.38,99,1.8
861,Vaduz,Liechtenstein,2023-02-25 09:00:00,3.58,97,2.4
862,Vaduz,Liechtenstein,2023-02-25 12:00:00,3.71,94,1.9
863,Vaduz,Liechtenstein,2023-02-25 15:00:00,2.73,95,2.31
864,Vaduz,Liechtenstein,2023-02-25 18:00:00,0.44,98,1.29
865,Vaduz,Liechtenstein,2023-02-25 21:00:00,-2.21,99,0.53
866,Vaduz,Liechtenstein,2023-02-26 00:00:00,-2.27,96,0.62
867,Vaduz,Liechtenstein,2023-02-26 03:00:00,-5.93,97,0.73
868,Vaduz,Liechtenstein,2023-02-26 06:00:00,-4.81,96,1.07
869,Vaduz,Liechtenstein,2023-02-26 09:00:00,-2.26,87,2.5
870,Vaduz,Liechtenstein,2023-02-26 12:00:00,-0.4,78,3.08
871,Vaduz,Liechtenstein,2023-02-26 15:00:00,-0.09,83,3.23
872,Vaduz,Liechtenstein,2023-02-26 18:00:00,-4.95,97,0.96
873,Vaduz,Liechtenstein,2023-02-26 21:00:00,-5.6,97,0.34
874,Vaduz,Liechtenstein,2023-02-27 00:00:00,-7.49,95,1.45
875,Vaduz,Liechtenstein,2023-02-27 03:00:00,-8.18,93,1.45
876,Vaduz,Liechtenstein,2023-02-27 06:00:00,-6.95,90,1.47
877,Vaduz,Liechtenstein,2023-02-27 09:00:00,-1.0,70,0.7
878,Vaduz,Liechtenstein,2023-02-27 12:00:00,2.14,72,1.61
879,Vaduz,Liechtenstein,2023-02-27 15:00:00,1.9,81,1.64
880,Vilnius,Lithuania,2023-02-22 18:00:00,-4.51,80,2.37
881,Vilnius,Lithuania,2023-02-22 21:00:00,-5.07,81,2.59
882,Vilnius,Lithuania,2023-02-23 00:00:00,-6.04,82,2.12
883,Vilnius,Lithuania,2023-02-23 03:00:00,-7.03,80,2.15
884,Vilnius,Lithuania,2023-02-23 06:00:00,-6.32,72,2.73
885,Vilnius,Lithuania,2023-02-23 09:00:00,-2.74,53,4.27
886,Vilnius,Lithuania,2023-02-23 12:00:00,-0.04,49,5.19
887,Vilnius,Lithuania,2023-02-23 15:00:00,-0.48,55,4.67
888,Vilnius,Lithuania,2023-02-23 18:00:00,-0.73,61,5.18
889,Vilnius,Lithuania,2023-02-23 21:00:00,-0.68,67,5.56
890,Vilnius,Lithuania,2023-02-24 00:00:00,-0.31,70,5.7
891,Vilnius,Lithuania,2023-02-24 03:00:00,-0.89,95,5.38
892,Vilnius,Lithuania,2023-02-24 06:00:00,0.47,94,4.78
893,Vilnius,Lithuania,2023-02-24 09:00:00,0.92,98,3.79
894,Vilnius,Lithuania,2023-02-24 12:00:00,1.54,98,3.51
895,Vilnius,Lithuania,2023-02-24 15:00:00,1.56,80,4.27
896,Vilnius,Lithuania,2023-02-24 18:00:00,0.72,80,3.43
897,Vilnius,Lithuania,2023-02-24 21:00:00,-0.25,85,2.77
898,Vilnius,Lithuania,2023-02-25 00:00:00,-0.46,89,2.6
899,Vilnius,Lithuania,2023-02-25 03:00:00,-1.38,95,1.51
900,Vilnius,Lithuania,2023-02-25 06:00:00,-0.57,94,1.41
901,Vilnius,Lithuania,2023-02-25 09:00:00,0.48,97,1.28
902,Vilnius,Lithuania,2023-02-25 12:00:00,0.89,99,1.49
903,Vilnius,Lithuania,2023-02-25 15:00:00,0.44,99,2.01
904,Vilnius,Lithuania,2023-02-25 18:00:00,-0.65,98,3.0
905,Vilnius,Lithuania,2023-02-25 21:00:00,-0.03,98,3.74
906,Vilnius,Lithuania,2023-02-26 00:00:00,-1.16,96,4.82
907,Vilnius,Lithuania,2023-02-26 03:00:00,-2.42,94,5.18
908,Vilnius,Lithuania,2023-02-26 06:00:00,-3.74,91,5.32
909,Vilnius,Lithuania,2023-02-26 09:00:00,-3.0,89,6.03
910,Vilnius,Lithuania,2023-02-26 12:00:00,-1.56,79,6.01
911,Vilnius,Lithuania,2023-02-26 15:00:00,-2.61,82,5.82
912,Vilnius,Lithuania,2023-02-26 18:00:00,-3.82,86,4.97
913,Vilnius,Lithuania,2023-02-26 21:00:00,-4.24,88,4.72
914,Vilnius,Lithuania,2023-02-27 00:00:00,-4.81,88,4.44
915,Vilnius,Lithuania,2023-02-27 03:00:00,-6.06,91,3.35
916,Vilnius,Lithuania,2023-02-27 06:00:00,-6.25,94,2.51
917,Vilnius,Lithuania,2023-02-27 09:00:00,-2.66,76,3.18
918,Vilnius,Lithuania,2023-02-27 12:00:00,-0.42,70,3.4
919,Vilnius,Lithuania,2023-02-27 15:00:00,-1.41,81,2.23
920,Luxembourg,Luxembourg,2023-02-22 18:00:00,10.33,83,2.51
921,Luxembourg,Luxembourg,2023-02-22 21:00:00,9.56,88,1.19
922,Luxembourg,Luxembourg,2023-02-23 00:00:00,8.72,93,1.22
923,Luxembourg,Luxembourg,2023-02-23 03:00:00,7.51,97,1.04
924,Luxembourg,Luxembourg,2023-02-23 06:00:00,7.46,98,1.01
925,Luxembourg,Luxembourg,2023-02-23 09:00:00,8.19,95,0.77
926,Luxembourg,Luxembourg,2023-02-23 12:00:00,9.65,85,0.39
927,Luxembourg,Luxembourg,2023-02-23 15:00:00,10.51,79,2.08
928,Luxembourg,Luxembourg,2023-02-23 18:00:00,8.45,90,2.26
929,Luxembourg,Luxembourg,2023-02-23 21:00:00,7.6,92,2.41
930,Luxembourg,Luxembourg,2023-02-24 00:00:00,6.0,93,2.17
931,Luxembourg,Luxembourg,2023-02-24 03:00:00,5.25,93,2.11
932,Luxembourg,Luxembourg,2023-02-24 06:00:00,5.71,92,1.7
933,Luxembourg,Luxembourg,2023-02-24 09:00:00,5.65,87,3.4
934,Luxembourg,Luxembourg,2023-02-24 12:00:00,6.7,69,4.07
935,Luxembourg,Luxembourg,2023-02-24 15:00:00,5.3,71,4.98
936,Luxembourg,Luxembourg,2023-02-24 18:00:00,3.2,97,2.91
937,Luxembourg,Luxembourg,2023-02-24 21:00:00,3.99,79,5.1
938,Luxembourg,Luxembourg,2023-02-25 00:00:00,1.28,86,3.26
939,Luxembourg,Luxembourg,2023-02-25 03:00:00,-0.19,90,2.98
940,Luxembourg,Luxembourg,2023-02-25 06:00:00,-0.56,91,2.69
941,Luxembourg,Luxembourg,2023-02-25 09:00:00,2.52,74,4.18
942,Luxembourg,Luxembourg,2023-02-25 12:00:00,5.76,49,4.96
943,Luxembourg,Luxembourg,2023-02-25 15:00:00,5.21,54,5.21
944,Luxembourg,Luxembourg,2023-02-25 18:00:00,1.48,74,2.57
945,Luxembourg,Luxembourg,2023-02-25 21:00:00,0.23,83,2.9
946,Luxembourg,Luxembourg,2023-02-26 00:00:00,-0.49,70,5.24
947,Luxembourg,Luxembourg,2023-02-26 03:00:00,-1.46,67,5.48
948,Luxembourg,Luxembourg,2023-02-26 06:00:00,-2.12,68,6.16
949,Luxembourg,Luxembourg,2023-02-26 09:00:00,-0.25,55,8.06
950,Luxembourg,Luxembourg,2023-02-26 12:00:00,2.36,40,7.49
951,Luxembourg,Luxembourg,2023-02-26 15:00:00,3.09,39,7.46
952,Luxembourg,Luxembourg,2023-02-26 18:00:00,0.24,51,5.98
953,Luxembourg,Luxembourg,2023-02-26 21:00:00,-0.97,60,6.14
954,Luxembourg,Luxembourg,2023-02-27 00:00:00,-1.56,63,5.97
955,Luxembourg,Luxembourg,2023-02-27 03:00:00,-2.19,64,6.22
956,Luxembourg,Luxembourg,2023-02-27 06:00:00,-3.12,66,6.05
957,Luxembourg,Luxembourg,2023-02-27 09:00:00,-1.07,50,7.6
958,Luxembourg,Luxembourg,2023-02-27 12:00:00,2.37,33,7.43
959,Luxembourg,Luxembourg,2023-02-27 15:00:00,2.8,38,6.97
960,Valletta,Malta,2023-02-22 18:00:00,16.3,77,3.04
961,Valletta,Malta,2023-02-22 21:00:00,15.82,74,2.65
962,Valletta,Malta,2023-02-23 00:00:00,15.25,72,2.91
963,Valletta,Malta,2023-02-23 03:00:00,14.68,70,2.43
964,Valletta,Malta,2023-02-23 06:00:00,14.82,72,2.58
965,Valletta,Malta,2023-02-23 09:00:00,15.93,72,2.11
966,Valletta,Malta,2023-02-23 12:00:00,16.5,72,1.46
967,Valletta,Malta,2023-02-23 15:00:00,16.59,70,1.11
968,Valletta,Malta,2023-02-23 18:00:00,15.6,75,1.92
969,Valletta,Malta,2023-02-23 21:00:00,15.37,74,2.01
970,Valletta,Malta,2023-02-24 00:00:00,15.27,73,1.93
971,Valletta,Malta,2023-02-24 03:00:00,15.21,71,2.02
972,Valletta,Malta,2023-02-24 06:00:00,15.27,70,2.72
973,Valletta,Malta,2023-02-24 09:00:00,16.35,65,3.7
974,Valletta,Malta,2023-02-24 12:00:00,17.12,64,3.96
975,Valletta,Malta,2023-02-24 15:00:00,17.3,62,3.52
976,Valletta,Malta,2023-02-24 18:00:00,16.26,68,4.3
977,Valletta,Malta,2023-02-24 21:00:00,16.14,72,5.22
978,Valletta,Malta,2023-02-25 00:00:00,15.95,75,5.85
979,Valletta,Malta,2023-02-25 03:00:00,16.04,77,7.32
980,Valletta,Malta,2023-02-25 06:00:00,16.43,76,8.86
981,Valletta,Malta,2023-02-25 09:00:00,16.98,73,10.54
982,Valletta,Malta,2023-02-25 12:00:00,16.61,72,5.79
983,Valletta,Malta,2023-02-25 15:00:00,16.45,76,10.47
984,Valletta,Malta,2023-02-25 18:00:00,16.57,76,8.55
985,Valletta,Malta,2023-02-25 21:00:00,16.32,82,6.58
986,Valletta,Malta,2023-02-26 00:00:00,15.42,87,7.3
987,Valletta,Malta,2023-02-26 03:00:00,14.52,89,12.17
988,Valletta,Malta,2023-02-26 06:00:00,14.28,81,9.78
989,Valletta,Malta,2023-02-26 09:00:00,14.48,70,9.72
990,Valletta,Malta,2023-02-26 12:00:00,14.7,68,8.36
991,Valletta,Malta,2023-02-26 15:00:00,14.46,71,6.22
992,Valletta,Malta,2023-02-26 18:00:00,14.32,70,3.21
993,Valletta,Malta,2023-02-26 21:00:00,13.98,70,1.79
994,Valletta,Malta,2023-02-27 00:00:00,13.86,72,2.56
995,Valletta,Malta,2023-02-27 03:00:00,14.15,73,5.58
996,Valletta,Malta,2023-02-27 06:00:00,14.31,77,7.68
997,Valletta,Malta,2023-02-27 09:00:00,14.74,82,9.63
998,Valletta,Malta,2023-02-27 12:00:00,14.9,85,10.65
999,Valletta,Malta,2023-02-27 15:00:00,15.04,88,12.08
1000,Chisinau,Moldova,2023-02-22 18:00:00,5.4,60,3.05
1001,Chisinau,Moldova,2023-02-22 21:00:00,4.76,64,2.4
1002,Chisinau,Moldova,2023-02-23 00:00:00,3.06,75,2.47
1003,Chisinau,Moldova,2023-02-23 03:00:00,0.41,84,2.09
1004,Chisinau,Moldova,2023-02-23 06:00:00,0.35,82,1.88
1005,Chisinau,Moldova,2023-02-23 09:00:00,3.51,60,3.3
1006,Chisinau,Moldova,2023-02-23 12:00:00,5.34,46,2.96
1007,Chisinau,Moldova,2023-02-23 15:00:00,4.99,46,3.29
1008,Chisinau,Moldova,2023-02-23 18:00:00,2.48,58,3.32
1009,Chisinau,Moldova,2023-02-23 21:00:00,0.72,69,5.0
1010,Chisinau,Moldova,2023-02-24 00:00:00,0.02,72,5.16
1011,Chisinau,Moldova,2023-02-24 03:00:00,1.26,73,6.5
1012,Chisinau,Moldova,2023-02-24 06:00:00,2.66,74,7.38
1013,Chisinau,Moldova,2023-02-24 09:00:00,5.14,69,8.01
1014,Chisinau,Moldova,2023-02-24 12:00:00,7.18,72,8.53
1015,Chisinau,Moldova,2023-02-24 15:00:00,6.87,78,7.88
1016,Chisinau,Moldova,2023-02-24 18:00:00,6.44,82,7.28
1017,Chisinau,Moldova,2023-02-24 21:00:00,5.37,90,6.01
1018,Chisinau,Moldova,2023-02-25 00:00:00,4.59,93,3.57
1019,Chisinau,Moldova,2023-02-25 03:00:00,4.22,92,2.74
1020,Chisinau,Moldova,2023-02-25 06:00:00,5.61,86,3.78
1021,Chisinau,Moldova,2023-02-25 09:00:00,11.45,63,7.65
1022,Chisinau,Moldova,2023-02-25 12:00:00,15.29,50,10.16
1023,Chisinau,Moldova,2023-02-25 15:00:00,14.18,54,10.02
1024,Chisinau,Moldova,2023-02-25 18:00:00,13.0,61,10.34
1025,Chisinau,Moldova,2023-02-25 21:00:00,9.83,78,5.28
1026,Chisinau,Moldova,2023-02-26 00:00:00,7.14,75,3.05
1027,Chisinau,Moldova,2023-02-26 03:00:00,6.6,75,0.56
1028,Chisinau,Moldova,2023-02-26 06:00:00,6.64,72,0.73
1029,Chisinau,Moldova,2023-02-26 09:00:00,4.92,86,1.91
1030,Chisinau,Moldova,2023-02-26 12:00:00,3.05,97,3.53
1031,Chisinau,Moldova,2023-02-26 15:00:00,2.42,99,4.03
1032,Chisinau,Moldova,2023-02-26 18:00:00,2.39,98,4.63
1033,Chisinau,Moldova,2023-02-26 21:00:00,1.56,100,4.69
1034,Chisinau,Moldova,2023-02-27 00:00:00,1.67,98,4.95
1035,Chisinau,Moldova,2023-02-27 03:00:00,1.41,99,4.55
1036,Chisinau,Moldova,2023-02-27 06:00:00,1.9,99,3.97
1037,Chisinau,Moldova,2023-02-27 09:00:00,3.25,88,5.79
1038,Chisinau,Moldova,2023-02-27 12:00:00,5.38,66,5.82
1039,Chisinau,Moldova,2023-02-27 15:00:00,5.07,65,3.91
1040,Monaco,Monaco,2023-02-22 18:00:00,12.49,84,1.35
1041,Monaco,Monaco,2023-02-22 21:00:00,12.36,82,1.36
1042,Monaco,Monaco,2023-02-23 00:00:00,12.13,82,1.26
1043,Monaco,Monaco,2023-02-23 03:00:00,11.84,83,1.59
1044,Monaco,Monaco,2023-02-23 06:00:00,11.64,84,1.88
1045,Monaco,Monaco,2023-02-23 09:00:00,12.38,78,1.81
1046,Monaco,Monaco,2023-02-23 12:00:00,12.77,77,2.45
1047,Monaco,Monaco,2023-02-23 15:00:00,12.93,77,2.94
1048,Monaco,Monaco,2023-02-23 18:00:00,12.61,78,2.61
1049,Monaco,Monaco,2023-02-23 21:00:00,12.41,80,2.68
1050,Monaco,Monaco,2023-02-24 00:00:00,12.17,76,2.36
1051,Monaco,Monaco,2023-02-24 03:00:00,11.98,70,1.74
1052,Monaco,Monaco,2023-02-24 06:00:00,11.66,67,2.1
1053,Monaco,Monaco,2023-02-24 09:00:00,13.3,60,1.7
1054,Monaco,Monaco,2023-02-24 12:00:00,13.56,72,3.05
1055,Monaco,Monaco,2023-02-24 15:00:00,13.52,80,1.71
1056,Monaco,Monaco,2023-02-24 18:00:00,12.92,85,1.41
1057,Monaco,Monaco,2023-02-24 21:00:00,12.35,88,1.59
1058,Monaco,Monaco,2023-02-25 00:00:00,11.92,85,2.55
1059,Monaco,Monaco,2023-02-25 03:00:00,11.44,76,2.94
1060,Monaco,Monaco,2023-02-25 06:00:00,11.23,66,2.01
1061,Monaco,Monaco,2023-02-25 09:00:00,12.65,60,0.4
1062,Monaco,Monaco,2023-02-25 12:00:00,13.05,62,1.41
1063,Monaco,Monaco,2023-02-25 15:00:00,12.98,69,2.12
1064,Monaco,Monaco,2023-02-25 18:00:00,12.41,73,0.44
1065,Monaco,Monaco,2023-02-25 21:00:00,12.19,71,0.7
1066,Monaco,Monaco,2023-02-26 00:00:00,11.81,70,1.3
1067,Monaco,Monaco,2023-02-26 03:00:00,11.38,67,0.88
1068,Monaco,Monaco,2023-02-26 06:00:00,10.97,64,1.25
1069,Monaco,Monaco,2023-02-26 09:00:00,12.31,61,0.68
1070,Monaco,Monaco,2023-02-26 12:00:00,12.57,73,2.52
1071,Monaco,Monaco,2023-02-26 15:00:00,10.01,84,3.92
1072,Monaco,Monaco,2023-02-26 18:00:00,8.02,63,5.2
1073,Monaco,Monaco,2023-02-26 21:00:00,8.03,54,4.24
1074,Monaco,Monaco,2023-02-27 00:00:00,8.2,57,7.08
1075,Monaco,Monaco,2023-02-27 03:00:00,7.72,52,6.92
1076,Monaco,Monaco,2023-02-27 06:00:00,7.09,48,4.81
1077,Monaco,Monaco,2023-02-27 09:00:00,8.2,38,5.15
1078,Monaco,Monaco,2023-02-27 12:00:00,9.67,34,5.37
1079,Monaco,Monaco,2023-02-27 15:00:00,9.67,35,5.92
1080,Podgorica,Montenegro,2023-02-22 18:00:00,14.73,44,0.84
1081,Podgorica,Montenegro,2023-02-22 21:00:00,13.42,56,1.28
1082,Podgorica,Montenegro,2023-02-23 00:00:00,11.54,68,1.11
1083,Podgorica,Montenegro,2023-02-23 03:00:00,9.47,79,1.39
1084,Podgorica,Montenegro,2023-02-23 06:00:00,9.47,77,1.07
1085,Podgorica,Montenegro,2023-02-23 09:00:00,12.12,70,0.57
1086,Podgorica,Montenegro,2023-02-23 12:00:00,13.61,66,1.18
1087,Podgorica,Montenegro,2023-02-23 15:00:00,13.47,69,1.06
1088,Podgorica,Montenegro,2023-02-23 18:00:00,11.14,82,0.65
1089,Podgorica,Montenegro,2023-02-23 21:00:00,10.67,79,1.4
1090,Podgorica,Montenegro,2023-02-24 00:00:00,9.78,79,0.93
1091,Podgorica,Montenegro,2023-02-24 03:00:00,9.13,81,1.29
1092,Podgorica,Montenegro,2023-02-24 06:00:00,8.92,82,1.28
1093,Podgorica,Montenegro,2023-02-24 09:00:00,11.92,75,0.8
1094,Podgorica,Montenegro,2023-02-24 12:00:00,13.36,71,1.65
1095,Podgorica,Montenegro,2023-02-24 15:00:00,13.3,73,1.45
1096,Podgorica,Montenegro,2023-02-24 18:00:00,12.06,81,0.9
1097,Podgorica,Montenegro,2023-02-24 21:00:00,11.43,83,1.32
1098,Podgorica,Montenegro,2023-02-25 00:00:00,10.97,86,1.51
1099,Podgorica,Montenegro,2023-02-25 03:00:00,10.77,89,1.42
1100,Podgorica,Montenegro,2023-02-25 06:00:00,10.94,85,1.16
1101,Podgorica,Montenegro,2023-02-25 09:00:00,13.36,71,2.81
1102,Podgorica,Montenegro,2023-02-25 12:00:00,11.87,81,2.89
1103,Podgorica,Montenegro,2023-02-25 15:00:00,11.9,90,2.84
1104,Podgorica,Montenegro,2023-02-25 18:00:00,11.86,89,1.6
1105,Podgorica,Montenegro,2023-02-25 21:00:00,11.76,83,0.7
1106,Podgorica,Montenegro,2023-02-26 00:00:00,11.43,89,3.29
1107,Podgorica,Montenegro,2023-02-26 03:00:00,11.08,94,2.25
1108,Podgorica,Montenegro,2023-02-26 06:00:00,11.56,82,2.01
1109,Podgorica,Montenegro,2023-02-26 09:00:00,11.19,94,3.27
1110,Podgorica,Montenegro,2023-02-26 12:00:00,11.58,94,2.21
1111,Podgorica,Montenegro,2023-02-26 15:00:00,10.04,93,2.4
1112,Podgorica,Montenegro,2023-02-26 18:00:00,9.12,89,1.64
1113,Podgorica,Montenegro,2023-02-26 21:00:00,9.09,91,1.2
1114,Podgorica,Montenegro,2023-02-27 00:00:00,8.64,90,1.54
1115,Podgorica,Montenegro,2023-02-27 03:00:00,9.15,95,0.39
1116,Podgorica,Montenegro,2023-02-27 06:00:00,9.35,93,0.62
1117,Podgorica,Montenegro,2023-02-27 09:00:00,11.94,80,0.63
1118,Podgorica,Montenegro,2023-02-27 12:00:00,13.96,69,1.33
1119,Podgorica,Montenegro,2023-02-27 15:00:00,14.12,68,0.18
1120,Skopje,North Macedonia,2023-02-22 18:00:00,16.89,34,1.05
1121,Skopje,North Macedonia,2023-02-22 21:00:00,15.07,43,0.92
1122,Skopje,North Macedonia,2023-02-23 00:00:00,12.39,55,0.32
1123,Skopje,North Macedonia,2023-02-23 03:00:00,8.79,70,0.07
1124,Skopje,North Macedonia,2023-02-23 06:00:00,8.6,72,0.18
1125,Skopje,North Macedonia,2023-02-23 09:00:00,12.96,56,1.18
1126,Skopje,North Macedonia,2023-02-23 12:00:00,15.78,46,1.72
1127,Skopje,North Macedonia,2023-02-23 15:00:00,15.88,47,1.68
1128,Skopje,North Macedonia,2023-02-23 18:00:00,12.47,57,0.4
1129,Skopje,North Macedonia,2023-02-23 21:00:00,11.36,65,0.96
1130,Skopje,North Macedonia,2023-02-24 00:00:00,9.51,79,1.18
1131,Skopje,North Macedonia,2023-02-24 03:00:00,8.11,90,0.6
1132,Skopje,North Macedonia,2023-02-24 06:00:00,7.97,93,0.32
1133,Skopje,North Macedonia,2023-02-24 09:00:00,12.76,71,1.44
1134,Skopje,North Macedonia,2023-02-24 12:00:00,15.93,55,2.57
1135,Skopje,North Macedonia,2023-02-24 15:00:00,15.91,55,2.84
1136,Skopje,North Macedonia,2023-02-24 18:00:00,11.47,78,1.67
1137,Skopje,North Macedonia,2023-02-24 21:00:00,9.77,85,0.56
1138,Skopje,North Macedonia,2023-02-25 00:00:00,8.45,89,0.6
1139,Skopje,North Macedonia,2023-02-25 03:00:00,7.23,93,1.02
1140,Skopje,North Macedonia,2023-02-25 06:00:00,8.25,91,0.95
1141,Skopje,North Macedonia,2023-02-25 09:00:00,11.17,75,2.19
1142,Skopje,North Macedonia,2023-02-25 12:00:00,16.35,48,1.83
1143,Skopje,North Macedonia,2023-02-25 15:00:00,18.56,38,2.38
1144,Skopje,North Macedonia,2023-02-25 18:00:00,12.73,55,2.15
1145,Skopje,North Macedonia,2023-02-25 21:00:00,10.68,66,1.01
1146,Skopje,North Macedonia,2023-02-26 00:00:00,9.16,78,0.74
1147,Skopje,North Macedonia,2023-02-26 03:00:00,9.12,76,0.6
1148,Skopje,North Macedonia,2023-02-26 06:00:00,8.43,79,0.8
1149,Skopje,North Macedonia,2023-02-26 09:00:00,13.93,53,1.83
1150,Skopje,North Macedonia,2023-02-26 12:00:00,17.29,40,3.11
1151,Skopje,North Macedonia,2023-02-26 15:00:00,14.93,58,0.69
1152,Skopje,North Macedonia,2023-02-26 18:00:00,13.07,70,1.16
1153,Skopje,North Macedonia,2023-02-26 21:00:00,7.0,78,1.99
1154,Skopje,North Macedonia,2023-02-27 00:00:00,7.13,76,1.7
1155,Skopje,North Macedonia,2023-02-27 03:00:00,6.22,77,1.6
1156,Skopje,North Macedonia,2023-02-27 06:00:00,5.94,76,0.8
1157,Skopje,North Macedonia,2023-02-27 09:00:00,9.65,64,0.55
1158,Skopje,North Macedonia,2023-02-27 12:00:00,12.99,54,1.66
1159,Skopje,North Macedonia,2023-02-27 15:00:00,13.61,52,2.17
1160,Amsterdam,Netherlands,2023-02-22 18:00:00,8.86,88,2.49
1161,Amsterdam,Netherlands,2023-02-22 21:00:00,8.08,90,2.25
1162,Amsterdam,Netherlands,2023-02-23 00:00:00,7.05,94,2.18
1163,Amsterdam,Netherlands,2023-02-23 03:00:00,6.72,94,1.94
1164,Amsterdam,Netherlands,2023-02-23 06:00:00,5.44,97,1.92
1165,Amsterdam,Netherlands,2023-02-23 09:00:00,7.57,87,1.83
1166,Amsterdam,Netherlands,2023-02-23 12:00:00,9.0,77,4.77
1167,Amsterdam,Netherlands,2023-02-23 15:00:00,6.72,71,5.5
1168,Amsterdam,Netherlands,2023-02-23 18:00:00,4.35,76,2.87
1169,Amsterdam,Netherlands,2023-02-23 21:00:00,3.09,74,2.17
1170,Amsterdam,Netherlands,2023-02-24 00:00:00,2.66,73,2.34
1171,Amsterdam,Netherlands,2023-02-24 03:00:00,3.99,72,4.36
1172,Amsterdam,Netherlands,2023-02-24 06:00:00,3.99,86,5.3
1173,Amsterdam,Netherlands,2023-02-24 09:00:00,6.44,86,5.0
1174,Amsterdam,Netherlands,2023-02-24 12:00:00,7.73,74,6.26
1175,Amsterdam,Netherlands,2023-02-24 15:00:00,6.44,73,6.37
1176,Amsterdam,Netherlands,2023-02-24 18:00:00,4.87,70,6.12
1177,Amsterdam,Netherlands,2023-02-24 21:00:00,4.33,72,6.71
1178,Amsterdam,Netherlands,2023-02-25 00:00:00,4.15,75,6.52
1179,Amsterdam,Netherlands,2023-02-25 03:00:00,3.73,80,4.16
1180,Amsterdam,Netherlands,2023-02-25 06:00:00,3.06,82,3.39
1181,Amsterdam,Netherlands,2023-02-25 09:00:00,5.4,64,5.88
1182,Amsterdam,Netherlands,2023-02-25 12:00:00,6.76,53,7.25
1183,Amsterdam,Netherlands,2023-02-25 15:00:00,6.24,56,6.04
1184,Amsterdam,Netherlands,2023-02-25 18:00:00,3.51,71,3.62
1185,Amsterdam,Netherlands,2023-02-25 21:00:00,2.09,68,3.0
1186,Amsterdam,Netherlands,2023-02-26 00:00:00,1.63,67,3.36
1187,Amsterdam,Netherlands,2023-02-26 03:00:00,1.2,60,4.62
1188,Amsterdam,Netherlands,2023-02-26 06:00:00,0.35,62,3.55
1189,Amsterdam,Netherlands,2023-02-26 09:00:00,2.6,52,5.14
1190,Amsterdam,Netherlands,2023-02-26 12:00:00,4.1,42,5.58
1191,Amsterdam,Netherlands,2023-02-26 15:00:00,4.12,43,4.98
1192,Amsterdam,Netherlands,2023-02-26 18:00:00,1.45,58,4.19
1193,Amsterdam,Netherlands,2023-02-26 21:00:00,0.27,62,3.79
1194,Amsterdam,Netherlands,2023-02-27 00:00:00,-0.62,67,2.65
1195,Amsterdam,Netherlands,2023-02-27 03:00:00,-0.77,70,1.89
1196,Amsterdam,Netherlands,2023-02-27 06:00:00,-0.67,74,1.83
1197,Amsterdam,Netherlands,2023-02-27 09:00:00,2.69,59,2.72
1198,Amsterdam,Netherlands,2023-02-27 12:00:00,4.82,45,4.23
1199,Amsterdam,Netherlands,2023-02-27 15:00:00,5.13,42,4.27
1200,Oslo,Norway,2023-02-22 18:00:00,1.23,98,2.71
1201,Oslo,Norway,2023-02-22 21:00:00,1.37,98,4.09
1202,Oslo,Norway,2023-02-23 00:00:00,1.93,98,4.72
1203,Oslo,Norway,2023-02-23 03:00:00,2.58,98,3.97
1204,Oslo,Norway,2023-02-23 06:00:00,2.49,99,0.76
1205,Oslo,Norway,2023-02-23 09:00:00,2.11,94,2.91
1206,Oslo,Norway,2023-02-23 12:00:00,2.79,76,3.64
1207,Oslo,Norway,2023-02-23 15:00:00,1.81,81,1.93
1208,Oslo,Norway,2023-02-23 18:00:00,-1.81,94,1.08
1209,Oslo,Norway,2023-02-23 21:00:00,-2.34,96,0.29
1210,Oslo,Norway,2023-02-24 00:00:00,-0.83,95,0.9
1211,Oslo,Norway,2023-02-24 03:00:00,-0.36,97,1.58
1212,Oslo,Norway,2023-02-24 06:00:00,-1.71,93,2.09
1213,Oslo,Norway,2023-02-24 09:00:00,-0.38,81,2.27
1214,Oslo,Norway,2023-02-24 12:00:00,2.97,63,6.54
1215,Oslo,Norway,2023-02-24 15:00:00,2.26,61,6.19
1216,Oslo,Norway,2023-02-24 18:00:00,1.15,63,6.1
1217,Oslo,Norway,2023-02-24 21:00:00,-0.19,63,4.99
1218,Oslo,Norway,2023-02-25 00:00:00,-1.25,67,4.25
1219,Oslo,Norway,2023-02-25 03:00:00,-5.02,77,2.96
1220,Oslo,Norway,2023-02-25 06:00:00,-5.1,73,3.54
1221,Oslo,Norway,2023-02-25 09:00:00,-1.41,65,3.97
1222,Oslo,Norway,2023-02-25 12:00:00,1.04,61,4.73
1223,Oslo,Norway,2023-02-25 15:00:00,0.73,64,4.36
1224,Oslo,Norway,2023-02-25 18:00:00,-1.34,68,3.94
1225,Oslo,Norway,2023-02-25 21:00:00,-4.17,81,2.08
1226,Oslo,Norway,2023-02-26 00:00:00,-5.15,79,2.23
1227,Oslo,Norway,2023-02-26 03:00:00,-5.81,78,1.95
1228,Oslo,Norway,2023-02-26 06:00:00,-6.19,77,1.81
1229,Oslo,Norway,2023-02-26 09:00:00,-2.43,62,1.63
1230,Oslo,Norway,2023-02-26 12:00:00,1.39,55,1.64
1231,Oslo,Norway,2023-02-26 15:00:00,1.53,68,1.16
1232,Oslo,Norway,2023-02-26 18:00:00,-1.57,84,1.16
1233,Oslo,Norway,2023-02-26 21:00:00,-1.18,84,1.35
1234,Oslo,Norway,2023-02-27 00:00:00,-1.92,87,1.55
1235,Oslo,Norway,2023-02-27 03:00:00,-1.81,84,1.58
1236,Oslo,Norway,2023-02-27 06:00:00,-2.14,84,1.47
1237,Oslo,Norway,2023-02-27 09:00:00,1.63,72,1.51
1238,Oslo,Norway,2023-02-27 12:00:00,5.06,74,1.54
1239,Oslo,Norway,2023-02-27 15:00:00,3.85,89,1.34
1240,Warsaw,Poland,2023-02-22 18:00:00,0.85,69,2.58
1241,Warsaw,Poland,2023-02-22 21:00:00,0.54,70,2.84
1242,Warsaw,Poland,2023-02-23 00:00:00,-0.12,72,3.05
1243,Warsaw,Poland,2023-02-23 03:00:00,-0.79,73,3.24
1244,Warsaw,Poland,2023-02-23 06:00:00,-0.78,74,3.84
1245,Warsaw,Poland,2023-02-23 09:00:00,1.49,62,4.78
1246,Warsaw,Poland,2023-02-23 12:00:00,4.12,52,4.83
1247,Warsaw,Poland,2023-02-23 15:00:00,4.47,56,4.24
1248,Warsaw,Poland,2023-02-23 18:00:00,3.3,66,4.23
1249,Warsaw,Poland,2023-02-23 21:00:00,2.95,74,3.62
1250,Warsaw,Poland,2023-02-24 00:00:00,3.67,89,3.42
1251,Warsaw,Poland,2023-02-24 03:00:00,4.39,92,3.99
1252,Warsaw,Poland,2023-02-24 06:00:00,5.14,95,4.41
1253,Warsaw,Poland,2023-02-24 09:00:00,5.08,90,3.79
1254,Warsaw,Poland,2023-02-24 12:00:00,7.67,58,5.74
1255,Warsaw,Poland,2023-02-24 15:00:00,6.9,58,4.18
1256,Warsaw,Poland,2023-02-24 18:00:00,4.66,74,2.64
1257,Warsaw,Poland,2023-02-24 21:00:00,4.44,91,1.64
1258,Warsaw,Poland,2023-02-25 00:00:00,3.85,95,2.03
1259,Warsaw,Poland,2023-02-25 03:00:00,2.45,96,4.14
1260,Warsaw,Poland,2023-02-25 06:00:00,2.06,93,3.43
1261,Warsaw,Poland,2023-02-25 09:00:00,2.61,84,4.85
1262,Warsaw,Poland,2023-02-25 12:00:00,3.78,67,4.93
1263,Warsaw,Poland,2023-02-25 15:00:00,2.24,96,2.74
1264,Warsaw,Poland,2023-02-25 18:00:00,1.89,97,2.73
1265,Warsaw,Poland,2023-02-25 21:00:00,1.53,96,2.9
1266,Warsaw,Poland,2023-02-26 00:00:00,1.47,88,3.76
1267,Warsaw,Poland,2023-02-26 03:00:00,-0.34,93,5.41
1268,Warsaw,Poland,2023-02-26 06:00:00,-0.64,85,4.53
1269,Warsaw,Poland,2023-02-26 09:00:00,0.1,72,5.15
1270,Warsaw,Poland,2023-02-26 12:00:00,0.57,68,4.82
1271,Warsaw,Poland,2023-02-26 15:00:00,1.66,58,4.1
1272,Warsaw,Poland,2023-02-26 18:00:00,-0.21,70,3.66
1273,Warsaw,Poland,2023-02-26 21:00:00,-0.87,74,3.66
1274,Warsaw,Poland,2023-02-27 00:00:00,-1.33,76,3.35
1275,Warsaw,Poland,2023-02-27 03:00:00,-1.67,74,3.35
1276,Warsaw,Poland,2023-02-27 06:00:00,-1.9,71,2.89
1277,Warsaw,Poland,2023-02-27 09:00:00,-0.21,52,2.56
1278,Warsaw,Poland,2023-02-27 12:00:00,1.49,41,2.22
1279,Warsaw,Poland,2023-02-27 15:00:00,1.86,40,2.44
1280,Lisbon,Portugal,2023-02-22 18:00:00,14.98,65,5.52
1281,Lisbon,Portugal,2023-02-22 21:00:00,13.94,70,7.54
1282,Lisbon,Portugal,2023-02-23 00:00:00,12.47,69,7.54
1283,Lisbon,Portugal,2023-02-23 03:00:00,10.18,62,6.6
1284,Lisbon,Portugal,2023-02-23 06:00:00,10.59,56,8.18
1285,Lisbon,Portugal,2023-02-23 09:00:00,10.68,58,7.4
1286,Lisbon,Portugal,2023-02-23 12:00:00,12.81,46,8.36
1287,Lisbon,Portugal,2023-02-23 15:00:00,12.93,46,8.39
1288,Lisbon,Portugal,2023-02-23 18:00:00,10.81,58,6.86
1289,Lisbon,Portugal,2023-02-23 21:00:00,9.45,61,5.53
1290,Lisbon,Portugal,2023-02-24 00:00:00,8.76,64,3.56
1291,Lisbon,Portugal,2023-02-24 03:00:00,8.7,65,2.46
1292,Lisbon,Portugal,2023-02-24 06:00:00,7.82,70,1.51
1293,Lisbon,Portugal,2023-02-24 09:00:00,9.04,68,0.52
1294,Lisbon,Portugal,2023-02-24 12:00:00,11.19,61,2.8
1295,Lisbon,Portugal,2023-02-24 15:00:00,12.24,55,4.52
1296,Lisbon,Portugal,2023-02-24 18:00:00,10.63,64,4.52
1297,Lisbon,Portugal,2023-02-24 21:00:00,9.69,71,3.82
1298,Lisbon,Portugal,2023-02-25 00:00:00,8.34,77,3.6
1299,Lisbon,Portugal,2023-02-25 03:00:00,8.28,80,3.29
1300,Lisbon,Portugal,2023-02-25 06:00:00,6.6,94,2.89
1301,Lisbon,Portugal,2023-02-25 09:00:00,5.23,93,4.65
1302,Lisbon,Portugal,2023-02-25 12:00:00,7.7,80,4.94
1303,Lisbon,Portugal,2023-02-25 15:00:00,10.16,64,2.49
1304,Lisbon,Portugal,2023-02-25 18:00:00,9.51,70,1.27
1305,Lisbon,Portugal,2023-02-25 21:00:00,8.01,75,2.44
1306,Lisbon,Portugal,2023-02-26 00:00:00,7.19,73,1.46
1307,Lisbon,Portugal,2023-02-26 03:00:00,7.07,73,1.65
1308,Lisbon,Portugal,2023-02-26 06:00:00,7.08,73,1.89
1309,Lisbon,Portugal,2023-02-26 09:00:00,9.73,70,1.3
1310,Lisbon,Portugal,2023-02-26 12:00:00,13.89,59,4.44
1311,Lisbon,Portugal,2023-02-26 15:00:00,13.88,64,6.39
1312,Lisbon,Portugal,2023-02-26 18:00:00,12.42,71,5.47
1313,Lisbon,Portugal,2023-02-26 21:00:00,10.53,78,3.63
1314,Lisbon,Portugal,2023-02-27 00:00:00,11.15,74,3.69
1315,Lisbon,Portugal,2023-02-27 03:00:00,10.27,79,3.11
1316,Lisbon,Portugal,2023-02-27 06:00:00,10.95,75,3.18
1317,Lisbon,Portugal,2023-02-27 09:00:00,11.72,78,2.98
1318,Lisbon,Portugal,2023-02-27 12:00:00,14.03,60,2.63
1319,Lisbon,Portugal,2023-02-27 15:00:00,14.62,58,4.72
1320,Bucharest,Romania,2023-02-22 18:00:00,9.98,63,3.44
1321,Bucharest,Romania,2023-02-22 21:00:00,9.37,65,3.45
1322,Bucharest,Romania,2023-02-23 00:00:00,8.52,68,3.48
1323,Bucharest,Romania,2023-02-23 03:00:00,7.12,73,5.17
1324,Bucharest,Romania,2023-02-23 06:00:00,6.37,74,6.08
1325,Bucharest,Romania,2023-02-23 09:00:00,6.15,73,6.79
1326,Bucharest,Romania,2023-02-23 12:00:00,5.35,84,6.47
1327,Bucharest,Romania,2023-02-23 15:00:00,5.52,80,5.61
1328,Bucharest,Romania,2023-02-23 18:00:00,5.75,78,4.84
1329,Bucharest,Romania,2023-02-23 21:00:00,5.85,76,4.28
1330,Bucharest,Romania,2023-02-24 00:00:00,5.76,80,3.7
1331,Bucharest,Romania,2023-02-24 03:00:00,5.77,81,2.86
1332,Bucharest,Romania,2023-02-24 06:00:00,6.2,79,1.92
1333,Bucharest,Romania,2023-02-24 09:00:00,7.26,76,1.17
1334,Bucharest,Romania,2023-02-24 12:00:00,9.02,73,2.09
1335,Bucharest,Romania,2023-02-24 15:00:00,9.7,71,2.72
1336,Bucharest,Romania,2023-02-24 18:00:00,7.36,82,2.09
1337,Bucharest,Romania,2023-02-24 21:00:00,6.61,84,1.87
1338,Bucharest,Romania,2023-02-25 00:00:00,5.84,87,2.11
1339,Bucharest,Romania,2023-02-25 03:00:00,5.35,88,2.18
1340,Bucharest,Romania,2023-02-25 06:00:00,5.97,87,2.48
1341,Bucharest,Romania,2023-02-25 09:00:00,12.45,61,4.01
1342,Bucharest,Romania,2023-02-25 12:00:00,17.36,41,6.01
1343,Bucharest,Romania,2023-02-25 15:00:00,16.0,49,4.21
1344,Bucharest,Romania,2023-02-25 18:00:00,12.07,71,2.92
1345,Bucharest,Romania,2023-02-25 21:00:00,10.85,78,2.19
1346,Bucharest,Romania,2023-02-26 00:00:00,10.41,79,2.49
1347,Bucharest,Romania,2023-02-26 03:00:00,9.38,81,2.89
1348,Bucharest,Romania,2023-02-26 06:00:00,9.14,79,2.26
1349,Bucharest,Romania,2023-02-26 09:00:00,12.05,62,1.05
1350,Bucharest,Romania,2023-02-26 12:00:00,14.8,54,1.05
1351,Bucharest,Romania,2023-02-26 15:00:00,13.77,62,2.89
1352,Bucharest,Romania,2023-02-26 18:00:00,11.24,73,1.5
1353,Bucharest,Romania,2023-02-26 21:00:00,7.48,79,6.28
1354,Bucharest,Romania,2023-02-27 00:00:00,5.41,80,6.0
1355,Bucharest,Romania,2023-02-27 03:00:00,4.52,82,6.48
1356,Bucharest,Romania,2023-02-27 06:00:00,3.08,91,4.46
1357,Bucharest,Romania,2023-02-27 09:00:00,4.61,78,5.75
1358,Bucharest,Romania,2023-02-27 12:00:00,5.83,69,5.39
1359,Bucharest,Romania,2023-02-27 15:00:00,6.64,63,4.74
1360,Moscow,Russia,2023-02-22 18:00:00,-12.07,91,4.48
1361,Moscow,Russia,2023-02-22 21:00:00,-12.53,91,4.47
1362,Moscow,Russia,2023-02-23 00:00:00,-13.67,93,4.49
1363,Moscow,Russia,2023-02-23 03:00:00,-16.65,95,3.9
1364,Moscow,Russia,2023-02-23 06:00:00,-17.09,95,3.94
1365,Moscow,Russia,2023-02-23 09:00:00,-11.29,88,4.28
1366,Moscow,Russia,2023-02-23 12:00:00,-8.46,86,4.16
1367,Moscow,Russia,2023-02-23 15:00:00,-11.82,93,2.96
1368,Moscow,Russia,2023-02-23 18:00:00,-13.44,95,3.16
1369,Moscow,Russia,2023-02-23 21:00:00,-13.45,94,2.95
1370,Moscow,Russia,2023-02-24 00:00:00,-10.97,91,3.39
1371,Moscow,Russia,2023-02-24 03:00:00,-9.62,85,4.3
1372,Moscow,Russia,2023-02-24 06:00:00,-8.27,83,5.02
1373,Moscow,Russia,2023-02-24 09:00:00,-5.45,84,5.48
1374,Moscow,Russia,2023-02-24 12:00:00,-3.87,93,5.55
1375,Moscow,Russia,2023-02-24 15:00:00,-3.24,96,5.25
1376,Moscow,Russia,2023-02-24 18:00:00,-2.25,96,5.24
1377,Moscow,Russia,2023-02-24 21:00:00,-1.87,97,4.29
1378,Moscow,Russia,2023-02-25 00:00:00,-1.45,97,4.02
1379,Moscow,Russia,2023-02-25 03:00:00,-0.57,98,4.18
1380,Moscow,Russia,2023-02-25 06:00:00,0.36,99,4.15
1381,Moscow,Russia,2023-02-25 09:00:00,0.68,99,4.46
1382,Moscow,Russia,2023-02-25 12:00:00,0.8,99,3.99
1383,Moscow,Russia,2023-02-25 15:00:00,0.58,98,3.97
1384,Moscow,Russia,2023-02-25 18:00:00,0.7,98,5.89
1385,Moscow,Russia,2023-02-25 21:00:00,0.94,98,6.08
1386,Moscow,Russia,2023-02-26 00:00:00,0.99,98,7.02
1387,Moscow,Russia,2023-02-26 03:00:00,1.04,99,7.3
1388,Moscow,Russia,2023-02-26 06:00:00,1.1,99,6.42
1389,Moscow,Russia,2023-02-26 09:00:00,0.9,85,6.49
1390,Moscow,Russia,2023-02-26 12:00:00,0.93,88,6.77
1391,Moscow,Russia,2023-02-26 15:00:00,0.47,87,7.75
1392,Moscow,Russia,2023-02-26 18:00:00,-2.89,82,6.88
1393,Moscow,Russia,2023-02-26 21:00:00,-4.02,83,6.95
1394,Moscow,Russia,2023-02-27 00:00:00,-5.57,87,6.21
1395,Moscow,Russia,2023-02-27 03:00:00,-7.05,89,5.73
1396,Moscow,Russia,2023-02-27 06:00:00,-7.26,92,4.62
1397,Moscow,Russia,2023-02-27 09:00:00,-4.51,85,4.58
1398,Moscow,Russia,2023-02-27 12:00:00,-4.38,87,4.25
1399,Moscow,Russia,2023-02-27 15:00:00,-5.46,91,3.42
1400,San Marino,San Marino,2023-02-22 18:00:00,6.78,93,1.09
1401,San Marino,San Marino,2023-02-22 21:00:00,6.6,89,1.46
1402,San Marino,San Marino,2023-02-23 00:00:00,6.12,85,1.63
1403,San Marino,San Marino,2023-02-23 03:00:00,5.65,83,1.45
1404,San Marino,San Marino,2023-02-23 06:00:00,5.45,85,1.29
1405,San Marino,San Marino,2023-02-23 09:00:00,8.84,73,0.43
1406,San Marino,San Marino,2023-02-23 12:00:00,11.34,63,1.28
1407,San Marino,San Marino,2023-02-23 15:00:00,9.42,72,1.22
1408,San Marino,San Marino,2023-02-23 18:00:00,7.57,80,0.83
1409,San Marino,San Marino,2023-02-23 21:00:00,6.88,83,0.9
1410,San Marino,San Marino,2023-02-24 00:00:00,6.63,81,1.05
1411,San Marino,San Marino,2023-02-24 03:00:00,6.06,81,1.68
1412,San Marino,San Marino,2023-02-24 06:00:00,5.75,85,1.93
1413,San Marino,San Marino,2023-02-24 09:00:00,9.42,71,1.43
1414,San Marino,San Marino,2023-02-24 12:00:00,12.89,54,1.6
1415,San Marino,San Marino,2023-02-24 15:00:00,11.99,62,2.35
1416,San Marino,San Marino,2023-02-24 18:00:00,9.45,74,3.48
1417,San Marino,San Marino,2023-02-24 21:00:00,8.86,74,2.44
1418,San Marino,San Marino,2023-02-25 00:00:00,8.16,74,1.93
1419,San Marino,San Marino,2023-02-25 03:00:00,7.35,75,3.07
1420,San Marino,San Marino,2023-02-25 06:00:00,7.38,78,3.08
1421,San Marino,San Marino,2023-02-25 09:00:00,9.82,74,2.36
1422,San Marino,San Marino,2023-02-25 12:00:00,9.78,77,2.47
1423,San Marino,San Marino,2023-02-25 15:00:00,9.02,80,3.34
1424,San Marino,San Marino,2023-02-25 18:00:00,8.33,83,2.31
1425,San Marino,San Marino,2023-02-25 21:00:00,8.45,84,2.05
1426,San Marino,San Marino,2023-02-26 00:00:00,8.15,90,1.4
1427,San Marino,San Marino,2023-02-26 03:00:00,7.69,95,1.2
1428,San Marino,San Marino,2023-02-26 06:00:00,3.25,95,6.42
1429,San Marino,San Marino,2023-02-26 09:00:00,1.32,97,6.3
1430,San Marino,San Marino,2023-02-26 12:00:00,0.21,93,6.93
1431,San Marino,San Marino,2023-02-26 15:00:00,0.06,86,7.77
1432,San Marino,San Marino,2023-02-26 18:00:00,0.03,85,8.19
1433,San Marino,San Marino,2023-02-26 21:00:00,0.01,90,4.52
1434,San Marino,San Marino,2023-02-27 00:00:00,-0.32,98,3.72
1435,San Marino,San Marino,2023-02-27 03:00:00,-0.41,95,3.24
1436,San Marino,San Marino,2023-02-27 06:00:00,-0.28,97,1.57
1437,San Marino,San Marino,2023-02-27 09:00:00,0.22,95,0.51
1438,San Marino,San Marino,2023-02-27 12:00:00,0.75,92,0.61
1439,San Marino,San Marino,2023-02-27 15:00:00,1.08,93,1.72
1440,Belgrade,Serbia,2023-02-22 18:00:00,13.48,58,1.24
1441,Belgrade,Serbia,2023-02-22 21:00:00,12.41,61,1.54
1442,Belgrade,Serbia,2023-02-23 00:00:00,10.67,66,1.71
1443,Belgrade,Serbia,2023-02-23 03:00:00,8.25,74,1.72
1444,Belgrade,Serbia,2023-02-23 06:00:00,7.57,77,1.97
1445,Belgrade,Serbia,2023-02-23 09:00:00,11.35,61,3.33
1446,Belgrade,Serbia,2023-02-23 12:00:00,13.99,53,4.1
1447,Belgrade,Serbia,2023-02-23 15:00:00,11.87,63,5.55
1448,Belgrade,Serbia,2023-02-23 18:00:00,9.03,72,6.14
1449,Belgrade,Serbia,2023-02-23 21:00:00,8.05,76,5.11
1450,Belgrade,Serbia,2023-02-24 00:00:00,7.48,79,3.69
1451,Belgrade,Serbia,2023-02-24 03:00:00,7.31,84,3.13
1452,Belgrade,Serbia,2023-02-24 06:00:00,7.42,82,2.39
1453,Belgrade,Serbia,2023-02-24 09:00:00,9.74,73,2.64
1454,Belgrade,Serbia,2023-02-24 12:00:00,14.39,58,2.98
1455,Belgrade,Serbia,2023-02-24 15:00:00,15.03,55,1.84
1456,Belgrade,Serbia,2023-02-24 18:00:00,11.86,67,2.09
1457,Belgrade,Serbia,2023-02-24 21:00:00,10.76,66,2.72
1458,Belgrade,Serbia,2023-02-25 00:00:00,9.81,67,3.02
1459,Belgrade,Serbia,2023-02-25 03:00:00,10.42,62,4.46
1460,Belgrade,Serbia,2023-02-25 06:00:00,11.22,61,4.79
1461,Belgrade,Serbia,2023-02-25 09:00:00,14.28,53,5.16
1462,Belgrade,Serbia,2023-02-25 12:00:00,9.14,79,6.47
1463,Belgrade,Serbia,2023-02-25 15:00:00,3.9,88,4.14
1464,Belgrade,Serbia,2023-02-25 18:00:00,2.44,95,1.46
1465,Belgrade,Serbia,2023-02-25 21:00:00,1.63,97,0.65
1466,Belgrade,Serbia,2023-02-26 00:00:00,1.68,97,1.45
1467,Belgrade,Serbia,2023-02-26 03:00:00,1.44,99,2.39
1468,Belgrade,Serbia,2023-02-26 06:00:00,1.32,99,2.75
1469,Belgrade,Serbia,2023-02-26 09:00:00,2.29,87,4.0
1470,Belgrade,Serbia,2023-02-26 12:00:00,1.4,94,3.97
1471,Belgrade,Serbia,2023-02-26 15:00:00,1.1,98,2.52
1472,Belgrade,Serbia,2023-02-26 18:00:00,0.9,99,2.51
1473,Belgrade,Serbia,2023-02-26 21:00:00,0.83,100,1.7
1474,Belgrade,Serbia,2023-02-27 00:00:00,0.86,99,1.38
1475,Belgrade,Serbia,2023-02-27 03:00:00,0.78,95,1.86
1476,Belgrade,Serbia,2023-02-27 06:00:00,0.91,89,1.48
1477,Belgrade,Serbia,2023-02-27 09:00:00,2.13,82,1.78
1478,Belgrade,Serbia,2023-02-27 12:00:00,4.0,70,1.64
1479,Belgrade,Serbia,2023-02-27 15:00:00,4.25,71,0.4
1480,Bratislava,Slovakia,2023-02-22 18:00:00,10.55,71,1.92
1481,Bratislava,Slovakia,2023-02-22 21:00:00,10.43,72,2.02
1482,Bratislava,Slovakia,2023-02-23 00:00:00,9.5,77,2.71
1483,Bratislava,Slovakia,2023-02-23 03:00:00,8.51,78,3.46
1484,Bratislava,Slovakia,2023-02-23 06:00:00,7.69,79,3.76
1485,Bratislava,Slovakia,2023-02-23 09:00:00,8.09,72,4.69
1486,Bratislava,Slovakia,2023-02-23 12:00:00,8.45,72,4.33
1487,Bratislava,Slovakia,2023-02-23 15:00:00,8.45,72,3.71
1488,Bratislava,Slovakia,2023-02-23 18:00:00,7.46,77,2.7
1489,Bratislava,Slovakia,2023-02-23 21:00:00,7.27,80,2.25
1490,Bratislava,Slovakia,2023-02-24 00:00:00,7.05,87,1.64
1491,Bratislava,Slovakia,2023-02-24 03:00:00,7.41,90,1.38
1492,Bratislava,Slovakia,2023-02-24 06:00:00,7.92,90,1.25
1493,Bratislava,Slovakia,2023-02-24 09:00:00,10.29,75,2.12
1494,Bratislava,Slovakia,2023-02-24 12:00:00,13.3,57,4.01
1495,Bratislava,Slovakia,2023-02-24 15:00:00,13.16,56,3.87
1496,Bratislava,Slovakia,2023-02-24 18:00:00,9.52,72,2.76
1497,Bratislava,Slovakia,2023-02-24 21:00:00,8.36,83,3.28
1498,Bratislava,Slovakia,2023-02-25 00:00:00,7.3,88,2.43
1499,Bratislava,Slovakia,2023-02-25 03:00:00,6.41,85,6.92
1500,Bratislava,Slovakia,2023-02-25 06:00:00,5.11,75,6.97
1501,Bratislava,Slovakia,2023-02-25 09:00:00,5.23,64,6.52
1502,Bratislava,Slovakia,2023-02-25 12:00:00,7.23,46,9.13
1503,Bratislava,Slovakia,2023-02-25 15:00:00,6.49,47,7.56
1504,Bratislava,Slovakia,2023-02-25 18:00:00,3.67,62,6.72
1505,Bratislava,Slovakia,2023-02-25 21:00:00,1.63,64,6.89
1506,Bratislava,Slovakia,2023-02-26 00:00:00,0.65,65,5.93
1507,Bratislava,Slovakia,2023-02-26 03:00:00,-0.09,68,5.42
1508,Bratislava,Slovakia,2023-02-26 06:00:00,-0.43,73,5.38
1509,Bratislava,Slovakia,2023-02-26 09:00:00,2.98,55,6.65
1510,Bratislava,Slovakia,2023-02-26 12:00:00,4.46,45,5.55
1511,Bratislava,Slovakia,2023-02-26 15:00:00,4.29,47,5.57
1512,Bratislava,Slovakia,2023-02-26 18:00:00,1.32,60,5.26
1513,Bratislava,Slovakia,2023-02-26 21:00:00,-0.12,73,5.41
1514,Bratislava,Slovakia,2023-02-27 00:00:00,-0.59,76,4.82
1515,Bratislava,Slovakia,2023-02-27 03:00:00,-1.13,78,3.95
1516,Bratislava,Slovakia,2023-02-27 06:00:00,-1.46,77,3.53
1517,Bratislava,Slovakia,2023-02-27 09:00:00,2.24,52,3.67
1518,Bratislava,Slovakia,2023-02-27 12:00:00,4.71,41,2.75
1519,Bratislava,Slovakia,2023-02-27 15:00:00,4.59,44,2.26
1520,Ljubljana,Slovenia,2023-02-22 18:00:00,11.46,67,1.4
1521,Ljubljana,Slovenia,2023-02-22 21:00:00,10.27,71,1.45
1522,Ljubljana,Slovenia,2023-02-23 00:00:00,8.73,75,1.24
1523,Ljubljana,Slovenia,2023-02-23 03:00:00,7.2,81,0.88
1524,Ljubljana,Slovenia,2023-02-23 06:00:00,6.79,84,0.76
1525,Ljubljana,Slovenia,2023-02-23 09:00:00,9.31,74,0.8
1526,Ljubljana,Slovenia,2023-02-23 12:00:00,10.52,70,1.72
1527,Ljubljana,Slovenia,2023-02-23 15:00:00,9.33,81,1.76
1528,Ljubljana,Slovenia,2023-02-23 18:00:00,7.38,92,1.18
1529,Ljubljana,Slovenia,2023-02-23 21:00:00,7.16,92,0.96
1530,Ljubljana,Slovenia,2023-02-24 00:00:00,6.86,94,1.04
1531,Ljubljana,Slovenia,2023-02-24 03:00:00,6.14,95,0.95
1532,Ljubljana,Slovenia,2023-02-24 06:00:00,6.18,95,0.92
1533,Ljubljana,Slovenia,2023-02-24 09:00:00,8.94,82,1.96
1534,Ljubljana,Slovenia,2023-02-24 12:00:00,8.54,90,1.23
1535,Ljubljana,Slovenia,2023-02-24 15:00:00,9.56,86,2.45
1536,Ljubljana,Slovenia,2023-02-24 18:00:00,8.93,85,3.34
1537,Ljubljana,Slovenia,2023-02-24 21:00:00,8.58,87,3.19
1538,Ljubljana,Slovenia,2023-02-25 00:00:00,9.58,88,4.26
1539,Ljubljana,Slovenia,2023-02-25 03:00:00,9.52,89,4.73
1540,Ljubljana,Slovenia,2023-02-25 06:00:00,9.04,92,4.01
1541,Ljubljana,Slovenia,2023-02-25 09:00:00,7.49,93,2.06
1542,Ljubljana,Slovenia,2023-02-25 12:00:00,5.87,92,1.57
1543,Ljubljana,Slovenia,2023-02-25 15:00:00,5.49,95,1.4
1544,Ljubljana,Slovenia,2023-02-25 18:00:00,3.93,98,1.71
1545,Ljubljana,Slovenia,2023-02-25 21:00:00,2.7,99,1.46
1546,Ljubljana,Slovenia,2023-02-26 00:00:00,1.73,99,1.99
1547,Ljubljana,Slovenia,2023-02-26 03:00:00,1.24,98,1.79
1548,Ljubljana,Slovenia,2023-02-26 06:00:00,-0.55,94,3.36
1549,Ljubljana,Slovenia,2023-02-26 09:00:00,1.79,75,5.03
1550,Ljubljana,Slovenia,2023-02-26 12:00:00,3.35,68,5.89
1551,Ljubljana,Slovenia,2023-02-26 15:00:00,2.61,73,5.25
1552,Ljubljana,Slovenia,2023-02-26 18:00:00,0.48,76,4.58
1553,Ljubljana,Slovenia,2023-02-26 21:00:00,-0.19,77,3.83
1554,Ljubljana,Slovenia,2023-02-27 00:00:00,-0.37,75,3.41
1555,Ljubljana,Slovenia,2023-02-27 03:00:00,-0.57,74,3.98
1556,Ljubljana,Slovenia,2023-02-27 06:00:00,-0.92,82,3.26
1557,Ljubljana,Slovenia,2023-02-27 09:00:00,0.64,79,3.8
1558,Ljubljana,Slovenia,2023-02-27 12:00:00,1.85,78,4.19
1559,Ljubljana,Slovenia,2023-02-27 15:00:00,2.2,80,3.99
1560,Madrid,Spain,2023-02-22 18:00:00,15.48,45,3.97
1561,Madrid,Spain,2023-02-22 21:00:00,13.9,54,2.84
1562,Madrid,Spain,2023-02-23 00:00:00,11.15,68,3.08
1563,Madrid,Spain,2023-02-23 03:00:00,7.72,83,3.23
1564,Madrid,Spain,2023-02-23 06:00:00,6.8,86,2.68
1565,Madrid,Spain,2023-02-23 09:00:00,7.54,77,2.89
1566,Madrid,Spain,2023-02-23 12:00:00,7.99,67,4.64
1567,Madrid,Spain,2023-02-23 15:00:00,8.15,53,6.91
1568,Madrid,Spain,2023-02-23 18:00:00,5.72,59,6.76
1569,Madrid,Spain,2023-02-23 21:00:00,4.71,53,4.88
1570,Madrid,Spain,2023-02-24 00:00:00,3.34,60,3.29
1571,Madrid,Spain,2023-02-24 03:00:00,2.07,63,1.73
1572,Madrid,Spain,2023-02-24 06:00:00,1.09,66,1.26
1573,Madrid,Spain,2023-02-24 09:00:00,3.1,56,1.45
1574,Madrid,Spain,2023-02-24 12:00:00,7.0,40,0.88
1575,Madrid,Spain,2023-02-24 15:00:00,8.92,31,2.17
1576,Madrid,Spain,2023-02-24 18:00:00,7.21,39,2.79
1577,Madrid,Spain,2023-02-24 21:00:00,5.72,46,1.95
1578,Madrid,Spain,2023-02-25 00:00:00,4.62,51,1.05
1579,Madrid,Spain,2023-02-25 03:00:00,3.76,53,0.38
1580,Madrid,Spain,2023-02-25 06:00:00,2.78,57,0.47
1581,Madrid,Spain,2023-02-25 09:00:00,4.37,51,1.2
1582,Madrid,Spain,2023-02-25 12:00:00,7.63,42,3.29
1583,Madrid,Spain,2023-02-25 15:00:00,9.12,36,2.31
1584,Madrid,Spain,2023-02-25 18:00:00,7.5,42,0.78
1585,Madrid,Spain,2023-02-25 21:00:00,5.89,53,1.58
1586,Madrid,Spain,2023-02-26 00:00:00,4.26,59,2.05
1587,Madrid,Spain,2023-02-26 03:00:00,2.99,60,1.71
1588,Madrid,Spain,2023-02-26 06:00:00,2.0,61,0.97
1589,Madrid,Spain,2023-02-26 09:00:00,4.67,55,1.68
1590,Madrid,Spain,2023-02-26 12:00:00,8.55,41,3.9
1591,Madrid,Spain,2023-02-26 15:00:00,7.96,38,5.91
1592,Madrid,Spain,2023-02-26 18:00:00,6.18,43,4.21
1593,Madrid,Spain,2023-02-26 21:00:00,3.56,53,3.31
1594,Madrid,Spain,2023-02-27 00:00:00,1.69,58,1.93
1595,Madrid,Spain,2023-02-27 03:00:00,0.36,62,1.39
1596,Madrid,Spain,2023-02-27 06:00:00,-0.53,63,1.27
1597,Madrid,Spain,2023-02-27 09:00:00,1.69,51,1.28
1598,Madrid,Spain,2023-02-27 12:00:00,6.22,32,1.26
1599,Madrid,Spain,2023-02-27 15:00:00,8.62,26,2.09
1600,Stockholm,Sweden,2023-02-22 18:00:00,-2.18,71,3.02
1601,Stockholm,Sweden,2023-02-22 21:00:00,-1.85,70,3.92
1602,Stockholm,Sweden,2023-02-23 00:00:00,-1.01,72,4.89
1603,Stockholm,Sweden,2023-02-23 03:00:00,-0.06,74,5.55
1604,Stockholm,Sweden,2023-02-23 06:00:00,-0.06,85,5.38
1605,Stockholm,Sweden,2023-02-23 09:00:00,0.52,97,5.43
1606,Stockholm,Sweden,2023-02-23 12:00:00,0.54,98,3.89
1607,Stockholm,Sweden,2023-02-23 15:00:00,0.2,99,1.59
1608,Stockholm,Sweden,2023-02-23 18:00:00,-0.25,97,2.01
1609,Stockholm,Sweden,2023-02-23 21:00:00,-0.89,91,2.26
1610,Stockholm,Sweden,2023-02-24 00:00:00,-1.36,92,1.72
1611,Stockholm,Sweden,2023-02-24 03:00:00,-1.27,86,1.73
1612,Stockholm,Sweden,2023-02-24 06:00:00,-1.41,87,1.4
1613,Stockholm,Sweden,2023-02-24 09:00:00,-0.47,83,1.19
1614,Stockholm,Sweden,2023-02-24 12:00:00,0.59,74,1.48
1615,Stockholm,Sweden,2023-02-24 15:00:00,0.01,79,1.84
1616,Stockholm,Sweden,2023-02-24 18:00:00,-2.07,89,2.46
1617,Stockholm,Sweden,2023-02-24 21:00:00,-1.84,88,3.33
1618,Stockholm,Sweden,2023-02-25 00:00:00,-1.16,84,4.4
1619,Stockholm,Sweden,2023-02-25 03:00:00,-1.35,88,5.22
1620,Stockholm,Sweden,2023-02-25 06:00:00,-1.22,82,6.15
1621,Stockholm,Sweden,2023-02-25 09:00:00,-0.49,76,6.98
1622,Stockholm,Sweden,2023-02-25 12:00:00,0.33,73,7.39
1623,Stockholm,Sweden,2023-02-25 15:00:00,-0.81,78,8.03
1624,Stockholm,Sweden,2023-02-25 18:00:00,-1.43,72,7.77
1625,Stockholm,Sweden,2023-02-25 21:00:00,-2.18,67,7.05
1626,Stockholm,Sweden,2023-02-26 00:00:00,-2.38,68,5.75
1627,Stockholm,Sweden,2023-02-26 03:00:00,-3.23,74,5.33
1628,Stockholm,Sweden,2023-02-26 06:00:00,-3.76,79,5.02
1629,Stockholm,Sweden,2023-02-26 09:00:00,-1.34,70,5.1
1630,Stockholm,Sweden,2023-02-26 12:00:00,0.86,62,5.1
1631,Stockholm,Sweden,2023-02-26 15:00:00,-0.01,67,4.28
1632,Stockholm,Sweden,2023-02-26 18:00:00,-2.04,76,3.09
1633,Stockholm,Sweden,2023-02-26 21:00:00,-2.48,89,2.38
1634,Stockholm,Sweden,2023-02-27 00:00:00,-2.12,91,2.74
1635,Stockholm,Sweden,2023-02-27 03:00:00,-1.62,92,2.51
1636,Stockholm,Sweden,2023-02-27 06:00:00,-0.88,93,2.83
1637,Stockholm,Sweden,2023-02-27 09:00:00,2.47,86,2.88
1638,Stockholm,Sweden,2023-02-27 12:00:00,4.9,81,3.18
1639,Stockholm,Sweden,2023-02-27 15:00:00,3.38,91,2.87
1640,Bern,Switzerland,2023-02-22 18:00:00,10.41,71,2.55
1641,Bern,Switzerland,2023-02-22 21:00:00,9.73,77,2.23
1642,Bern,Switzerland,2023-02-23 00:00:00,8.8,85,0.86
1643,Bern,Switzerland,2023-02-23 03:00:00,7.32,92,0.67
1644,Bern,Switzerland,2023-02-23 06:00:00,7.28,91,0.6
1645,Bern,Switzerland,2023-02-23 09:00:00,9.23,82,0.59
1646,Bern,Switzerland,2023-02-23 12:00:00,12.44,63,0.79
1647,Bern,Switzerland,2023-02-23 15:00:00,12.19,63,1.01
1648,Bern,Switzerland,2023-02-23 18:00:00,8.9,80,0.95
1649,Bern,Switzerland,2023-02-23 21:00:00,6.83,88,0.91
1650,Bern,Switzerland,2023-02-24 00:00:00,5.68,90,0.76
1651,Bern,Switzerland,2023-02-24 03:00:00,4.93,89,0.86
1652,Bern,Switzerland,2023-02-24 06:00:00,4.95,86,0.71
1653,Bern,Switzerland,2023-02-24 09:00:00,9.41,68,0.82
1654,Bern,Switzerland,2023-02-24 12:00:00,13.19,56,1.59
1655,Bern,Switzerland,2023-02-24 15:00:00,12.67,62,1.83
1656,Bern,Switzerland,2023-02-24 18:00:00,7.99,88,0.09
1657,Bern,Switzerland,2023-02-24 21:00:00,7.73,93,1.65
1658,Bern,Switzerland,2023-02-25 00:00:00,5.84,96,2.44
1659,Bern,Switzerland,2023-02-25 03:00:00,4.47,95,0.81
1660,Bern,Switzerland,2023-02-25 06:00:00,4.12,93,1.28
1661,Bern,Switzerland,2023-02-25 09:00:00,4.01,87,2.44
1662,Bern,Switzerland,2023-02-25 12:00:00,4.39,78,3.5
1663,Bern,Switzerland,2023-02-25 15:00:00,5.28,68,3.99
1664,Bern,Switzerland,2023-02-25 18:00:00,2.66,79,3.8
1665,Bern,Switzerland,2023-02-25 21:00:00,0.34,82,4.44
1666,Bern,Switzerland,2023-02-26 00:00:00,-0.84,78,4.23
1667,Bern,Switzerland,2023-02-26 03:00:00,-1.4,77,4.13
1668,Bern,Switzerland,2023-02-26 06:00:00,-2.13,81,5.41
1669,Bern,Switzerland,2023-02-26 09:00:00,-0.23,65,6.68
1670,Bern,Switzerland,2023-02-26 12:00:00,2.13,44,7.54
1671,Bern,Switzerland,2023-02-26 15:00:00,2.08,47,7.27
1672,Bern,Switzerland,2023-02-26 18:00:00,-0.94,61,6.5
1673,Bern,Switzerland,2023-02-26 21:00:00,-1.58,69,6.96
1674,Bern,Switzerland,2023-02-27 00:00:00,-2.36,77,6.52
1675,Bern,Switzerland,2023-02-27 03:00:00,-2.82,81,5.88
1676,Bern,Switzerland,2023-02-27 06:00:00,-3.09,82,5.43
1677,Bern,Switzerland,2023-02-27 09:00:00,-1.02,66,5.62
1678,Bern,Switzerland,2023-02-27 12:00:00,2.13,50,4.99
1679,Bern,Switzerland,2023-02-27 15:00:00,2.81,51,4.76
1680,Kiev,Ukraine,2023-02-22 18:00:00,-1.48,82,2.67
1681,Kiev,Ukraine,2023-02-22 21:00:00,-2.0,72,3.16
1682,Kiev,Ukraine,2023-02-23 00:00:00,-3.13,60,2.97
1683,Kiev,Ukraine,2023-02-23 03:00:00,-4.78,54,2.49
1684,Kiev,Ukraine,2023-02-23 06:00:00,-5.16,54,2.36
1685,Kiev,Ukraine,2023-02-23 09:00:00,-3.31,42,1.63
1686,Kiev,Ukraine,2023-02-23 12:00:00,-1.59,34,0.68
1687,Kiev,Ukraine,2023-02-23 15:00:00,-1.88,37,1.72
1688,Kiev,Ukraine,2023-02-23 18:00:00,-2.84,44,2.76
1689,Kiev,Ukraine,2023-02-23 21:00:00,-2.71,46,3.85
1690,Kiev,Ukraine,2023-02-24 00:00:00,-2.36,47,4.83
1691,Kiev,Ukraine,2023-02-24 03:00:00,-1.97,51,5.6
1692,Kiev,Ukraine,2023-02-24 06:00:00,-1.33,55,6.39
1693,Kiev,Ukraine,2023-02-24 09:00:00,1.07,60,7.16
1694,Kiev,Ukraine,2023-02-24 12:00:00,2.43,67,7.11
1695,Kiev,Ukraine,2023-02-24 15:00:00,2.41,76,6.56
1696,Kiev,Ukraine,2023-02-24 18:00:00,2.05,86,5.78
1697,Kiev,Ukraine,2023-02-24 21:00:00,2.6,91,5.71
1698,Kiev,Ukraine,2023-02-25 00:00:00,2.56,94,4.68
1699,Kiev,Ukraine,2023-02-25 03:00:00,2.32,95,3.78
1700,Kiev,Ukraine,2023-02-25 06:00:00,2.87,92,4.33
1701,Kiev,Ukraine,2023-02-25 09:00:00,5.14,81,5.38
1702,Kiev,Ukraine,2023-02-25 12:00:00,9.23,69,6.83
1703,Kiev,Ukraine,2023-02-25 15:00:00,9.33,69,6.66
1704,Kiev,Ukraine,2023-02-25 18:00:00,9.34,74,7.35
1705,Kiev,Ukraine,2023-02-25 21:00:00,2.55,94,4.28
1706,Kiev,Ukraine,2023-02-26 00:00:00,3.03,72,5.77
1707,Kiev,Ukraine,2023-02-26 03:00:00,1.96,79,4.84
1708,Kiev,Ukraine,2023-02-26 06:00:00,1.48,77,4.91
1709,Kiev,Ukraine,2023-02-26 09:00:00,4.0,55,5.53
1710,Kiev,Ukraine,2023-02-26 12:00:00,5.79,47,5.73
1711,Kiev,Ukraine,2023-02-26 15:00:00,4.98,52,3.75
1712,Kiev,Ukraine,2023-02-26 18:00:00,2.66,66,3.12
1713,Kiev,Ukraine,2023-02-26 21:00:00,1.41,84,3.36
1714,Kiev,Ukraine,2023-02-27 00:00:00,0.05,79,3.02
1715,Kiev,Ukraine,2023-02-27 03:00:00,-0.75,75,3.46
1716,Kiev,Ukraine,2023-02-27 06:00:00,-1.13,71,3.66
1717,Kiev,Ukraine,2023-02-27 09:00:00,0.97,53,4.03
1718,Kiev,Ukraine,2023-02-27 12:00:00,3.08,42,4.44
1719,Kiev,Ukraine,2023-02-27 15:00:00,2.2,52,4.28
1720,London,United Kingdom,2023-02-22 18:00:00,8.61,82,2.85
1721,London,United Kingdom,2023-02-22 21:00:00,7.04,79,2.27
1722,London,United Kingdom,2023-02-23 00:00:00,5.0,90,3.34
1723,London,United Kingdom,2023-02-23 03:00:00,5.61,82,4.09
1724,London,United Kingdom,2023-02-23 06:00:00,5.62,90,4.5
1725,London,United Kingdom,2023-02-23 09:00:00,5.68,81,5.64
1726,London,United Kingdom,2023-02-23 12:00:00,7.42,66,5.57
1727,London,United Kingdom,2023-02-23 15:00:00,6.92,60,4.93
1728,London,United Kingdom,2023-02-23 18:00:00,5.59,60,3.51
1729,London,United Kingdom,2023-02-23 21:00:00,4.13,65,1.58
1730,London,United Kingdom,2023-02-24 00:00:00,3.47,68,1.8
1731,London,United Kingdom,2023-02-24 03:00:00,3.23,66,2.55
1732,London,United Kingdom,2023-02-24 06:00:00,4.04,77,3.16
1733,London,United Kingdom,2023-02-24 09:00:00,5.47,84,3.25
1734,London,United Kingdom,2023-02-24 12:00:00,6.5,86,4.12
1735,London,United Kingdom,2023-02-24 15:00:00,7.65,68,4.68
1736,London,United Kingdom,2023-02-24 18:00:00,5.53,71,4.69
1737,London,United Kingdom,2023-02-24 21:00:00,4.4,71,4.62
1738,London,United Kingdom,2023-02-25 00:00:00,3.5,74,4.13
1739,London,United Kingdom,2023-02-25 03:00:00,2.63,76,4.06
1740,London,United Kingdom,2023-02-25 06:00:00,2.26,79,4.65
1741,London,United Kingdom,2023-02-25 09:00:00,3.74,72,4.57
1742,London,United Kingdom,2023-02-25 12:00:00,6.92,52,5.39
1743,London,United Kingdom,2023-02-25 15:00:00,7.04,55,5.07
1744,London,United Kingdom,2023-02-25 18:00:00,5.22,64,4.83
1745,London,United Kingdom,2023-02-25 21:00:00,3.8,75,4.34
1746,London,United Kingdom,2023-02-26 00:00:00,3.08,79,4.45
1747,London,United Kingdom,2023-02-26 03:00:00,2.82,73,4.25
1748,London,United Kingdom,2023-02-26 06:00:00,1.97,81,3.05
1749,London,United Kingdom,2023-02-26 09:00:00,3.54,69,3.97
1750,London,United Kingdom,2023-02-26 12:00:00,6.94,40,5.01
1751,London,United Kingdom,2023-02-26 15:00:00,7.46,40,5.51
1752,London,United Kingdom,2023-02-26 18:00:00,5.31,51,4.42
1753,London,United Kingdom,2023-02-26 21:00:00,3.65,61,4.17
1754,London,United Kingdom,2023-02-27 00:00:00,2.58,63,3.46
1755,London,United Kingdom,2023-02-27 03:00:00,1.78,66,3.06
1756,London,United Kingdom,2023-02-27 06:00:00,1.28,70,2.52
1757,London,United Kingdom,2023-02-27 09:00:00,3.1,63,2.94
1758,London,United Kingdom,2023-02-27 12:00:00,6.36,52,3.89
1759,London,United Kingdom,2023-02-27 15:00:00,6.33,61,3.98
